{
 "baseUrl":"support/slwebview_files",
 "homeHid":1,
 "initialElement":"",
 "sections":[
  {
   "hid":1,
   "sid":"Drive_Cycle_Sim",
   "name":"Drive_Cycle_Sim",
   "fullname":"Drive_Cycle_Sim",
   "label":"Drive_Cycle_Sim",
   "parent":0,
   "descendants":[
    2,
    10,
    3,
    4,
    5,
    6,
    7,
    8,
    9
   ],
   "hierarchyUrl":"support/slwebview_files/Drive_Cycle_Sim_h_1.json",
   "backingUrl":"support/slwebview_files/Drive_Cycle_Sim_m.json"
  }
 ],
 "optViews":[
 ],
 "display":{
  "informer":false
 },
 "iconsUrl":"support/slwebview_files/Drive_Cycle_Sim_icons.css"
}