[
 {
  "sid":"Drive_Cycle_Sim",
  "className":"Simulink.BlockDiagram",
  "icon":"Drive_Cycle_Sim0",
  "name":"Drive_Cycle_Sim",
  "label":"Drive_Cycle_Sim",
  "parent":"",
  "inspector":{
   "params":[
    "ModelVersion",
    "LastModifiedDate",
    "LibraryLinkDisplay",
    "ModelBrowserVisibility",
    "Dirty",
    "Description"
   ],
   "values":[
    "1.135",
    "Mon Sep 28 13:30:24 2020",
    "disabled",
    "off",
    "off",
    ""
   ],
   "tabs":[
   ],
   "tabs_idx":[
   ]
  },
  "viewer":{
   "jshandler":"webview/handlers/ElementHandler"
  },
  "obj_viewer":[
  ],
  "finder":[
  ]
 },
 {
  "sid":"Drive_Cycle_Sim:100",
  "className":"Simulink.SubSystem",
  "icon":"Drive_Cycle_Sim2",
  "name":"Accumulator",
  "label":"Accumulator",
  "parent":"Drive_Cycle_Sim",
  "inspector":{
   "params":[
    "ShowPortLabels",
    "BlockChoice",
    "TemplateBlock",
    "MemberBlocks",
    "Permissions",
    "ErrorFcn",
    "PermitHierarchicalResolution",
    "TreatAsAtomicUnit",
    "MinAlgLoopOccurrences",
    "ScheduleAs",
    "PartitionName",
    "SystemSampleTime",
    "SetExecutionDomain",
    "ExecutionDomainType",
    "RTWSystemCode",
    "RTWFcnNameOpts",
    "RTWFcnName",
    "RTWFileNameOpts",
    "RTWFileName",
    "FunctionInterfaceSpec",
    "FunctionWithSeparateData",
    "RTWMemSecFuncInitTerm",
    "RTWMemSecFuncExecute",
    "RTWMemSecDataConstants",
    "RTWMemSecDataInternal",
    "RTWMemSecDataParameters",
    "IsSubsystemVirtual",
    "Variant",
    "VariantControlMode",
    "VariantControl",
    "LabelModeActiveChoice",
    "GeneratePreprocessorConditionals",
    "AllowZeroVariantControls",
    "PropagateVariantConditions",
    "CompiledActiveChoiceControl",
    "CompiledActiveChoiceBlock",
    "TreatAsGroupedWhenPropagatingVariantConditions",
    "ReferencedSubsystem",
    "Latency",
    "AutoFrameSizeCalculation"
   ],
   "values":[
    "FromPortIcon",
    "",
    "",
    "",
    "ReadWrite",
    "",
    "All",
    "off",
    "off",
    "Sample time",
    "",
    "-1",
    "off",
    "Deduce",
    "Auto",
    "Auto",
    "",
    "Auto",
    "",
    "void_void",
    "off",
    "Inherit from model",
    "Inherit from model",
    "Inherit from model",
    "Inherit from model",
    "Inherit from model",
    "on",
    "off",
    "Expression",
    "",
    "",
    "off",
    "off",
    "off",
    "",
    "",
    "on",
    "",
    "0",
    "off"
   ],
   "tabs":[
   ],
   "tabs_idx":[
   ]
  },
  "viewer":{
   "jshandler":"webview/handlers/ElementHandler"
  },
  "obj_viewer":[
  ],
  "finder":{
   "blocktype":"SubSystem",
   "masktype":""
  }
 },
 {
  "sid":"Drive_Cycle_Sim:308",
  "className":"Simulink.SubSystem",
  "icon":"Drive_Cycle_Sim2",
  "name":"Current Calculation",
  "label":"Current Calculation",
  "parent":"Drive_Cycle_Sim:100",
  "inspector":{
   "params":[
    "ShowPortLabels",
    "Permissions",
    "ErrorFcn",
    "PermitHierarchicalResolution",
    "TreatAsAtomicUnit",
    "TreatAsGroupedWhenPropagatingVariantConditions",
    "RTWSystemCode",
    "ReferencedSubsystem",
    "AllowZeroVariantControls",
    "AutoFrameSizeCalculation",
    "BlockChoice",
    "CompiledActiveChoiceBlock",
    "CompiledActiveChoiceControl",
    "ExecutionDomainType",
    "FunctionInterfaceSpec",
    "FunctionWithSeparateData",
    "GeneratePreprocessorConditionals",
    "IsSubsystemVirtual",
    "LabelModeActiveChoice",
    "Latency",
    "MemberBlocks",
    "MinAlgLoopOccurrences",
    "PartitionName",
    "PropagateVariantConditions",
    "RTWFcnName",
    "RTWFcnNameOpts",
    "RTWFileName",
    "RTWFileNameOpts",
    "RTWMemSecDataConstants",
    "RTWMemSecDataInternal",
    "RTWMemSecDataParameters",
    "RTWMemSecFuncExecute",
    "RTWMemSecFuncInitTerm",
    "ScheduleAs",
    "SetExecutionDomain",
    "SystemSampleTime",
    "TemplateBlock",
    "Variant",
    "VariantControl",
    "VariantControlMode"
   ],
   "values":[
    "FromPortIcon",
    "ReadWrite",
    "",
    "All",
    "off",
    "on",
    "Auto",
    "",
    "off",
    "off",
    "",
    "",
    "",
    "Deduce",
    "void_void",
    "off",
    "off",
    "on",
    "",
    "0",
    "",
    "off",
    "",
    "off",
    "",
    "Auto",
    "",
    "Auto",
    "Inherit from model",
    "Inherit from model",
    "Inherit from model",
    "Inherit from model",
    "Inherit from model",
    "Sample time",
    "off",
    "-1",
    "",
    "off",
    "",
    "Expression"
   ],
   "tabs":[
    "Main",
    "Code Generation",
    "Subsystem Reference",
    "-Other"
   ],
   "tabs_idx":[
    0,
    6,
    7,
    8
   ]
  },
  "viewer":{
   "jshandler":"webview/handlers/ElementHandler"
  },
  "obj_viewer":[
  ],
  "finder":{
   "blocktype":"SubSystem",
   "masktype":""
  }
 },
 {
  "sid":"Drive_Cycle_Sim:327",
  "className":"Simulink.SubSystem",
  "icon":"Drive_Cycle_Sim2",
  "name":"Accumulator Management System",
  "label":"Accumulator Management System",
  "parent":"Drive_Cycle_Sim",
  "inspector":{
   "params":[
    "ShowPortLabels",
    "BlockChoice",
    "TemplateBlock",
    "MemberBlocks",
    "Permissions",
    "ErrorFcn",
    "PermitHierarchicalResolution",
    "TreatAsAtomicUnit",
    "MinAlgLoopOccurrences",
    "ScheduleAs",
    "PartitionName",
    "SystemSampleTime",
    "SetExecutionDomain",
    "ExecutionDomainType",
    "RTWSystemCode",
    "RTWFcnNameOpts",
    "RTWFcnName",
    "RTWFileNameOpts",
    "RTWFileName",
    "FunctionInterfaceSpec",
    "FunctionWithSeparateData",
    "RTWMemSecFuncInitTerm",
    "RTWMemSecFuncExecute",
    "RTWMemSecDataConstants",
    "RTWMemSecDataInternal",
    "RTWMemSecDataParameters",
    "IsSubsystemVirtual",
    "Variant",
    "VariantControlMode",
    "VariantControl",
    "LabelModeActiveChoice",
    "GeneratePreprocessorConditionals",
    "AllowZeroVariantControls",
    "PropagateVariantConditions",
    "CompiledActiveChoiceControl",
    "CompiledActiveChoiceBlock",
    "TreatAsGroupedWhenPropagatingVariantConditions",
    "ReferencedSubsystem",
    "Latency",
    "AutoFrameSizeCalculation"
   ],
   "values":[
    "FromPortIcon",
    "",
    "",
    "",
    "ReadWrite",
    "",
    "All",
    "off",
    "off",
    "Sample time",
    "",
    "-1",
    "off",
    "Deduce",
    "Auto",
    "Auto",
    "",
    "Auto",
    "",
    "void_void",
    "off",
    "Inherit from model",
    "Inherit from model",
    "Inherit from model",
    "Inherit from model",
    "Inherit from model",
    "on",
    "off",
    "Expression",
    "",
    "",
    "off",
    "off",
    "off",
    "",
    "",
    "on",
    "",
    "0",
    "off"
   ],
   "tabs":[
   ],
   "tabs_idx":[
   ]
  },
  "viewer":{
   "jshandler":"webview/handlers/ElementHandler"
  },
  "obj_viewer":[
  ],
  "finder":{
   "blocktype":"SubSystem",
   "masktype":""
  }
 },
 {
  "sid":"Drive_Cycle_Sim:124",
  "className":"Simulink.SubSystem",
  "icon":"Drive_Cycle_Sim2",
  "name":"Gearbox",
  "label":"Gearbox",
  "parent":"Drive_Cycle_Sim",
  "inspector":{
   "params":[
    "ShowPortLabels",
    "BlockChoice",
    "TemplateBlock",
    "MemberBlocks",
    "Permissions",
    "ErrorFcn",
    "PermitHierarchicalResolution",
    "TreatAsAtomicUnit",
    "MinAlgLoopOccurrences",
    "ScheduleAs",
    "PartitionName",
    "SystemSampleTime",
    "SetExecutionDomain",
    "ExecutionDomainType",
    "RTWSystemCode",
    "RTWFcnNameOpts",
    "RTWFcnName",
    "RTWFileNameOpts",
    "RTWFileName",
    "FunctionInterfaceSpec",
    "FunctionWithSeparateData",
    "RTWMemSecFuncInitTerm",
    "RTWMemSecFuncExecute",
    "RTWMemSecDataConstants",
    "RTWMemSecDataInternal",
    "RTWMemSecDataParameters",
    "IsSubsystemVirtual",
    "Variant",
    "VariantControlMode",
    "VariantControl",
    "LabelModeActiveChoice",
    "GeneratePreprocessorConditionals",
    "AllowZeroVariantControls",
    "PropagateVariantConditions",
    "CompiledActiveChoiceControl",
    "CompiledActiveChoiceBlock",
    "TreatAsGroupedWhenPropagatingVariantConditions",
    "ReferencedSubsystem",
    "Latency",
    "AutoFrameSizeCalculation"
   ],
   "values":[
    "FromPortIcon",
    "",
    "",
    "",
    "ReadWrite",
    "",
    "All",
    "off",
    "off",
    "Sample time",
    "",
    "-1",
    "off",
    "Deduce",
    "Auto",
    "Auto",
    "",
    "Auto",
    "",
    "void_void",
    "off",
    "Inherit from model",
    "Inherit from model",
    "Inherit from model",
    "Inherit from model",
    "Inherit from model",
    "on",
    "off",
    "Expression",
    "",
    "",
    "off",
    "off",
    "off",
    "",
    "",
    "on",
    "",
    "0",
    "off"
   ],
   "tabs":[
   ],
   "tabs_idx":[
   ]
  },
  "viewer":{
   "jshandler":"webview/handlers/ElementHandler"
  },
  "obj_viewer":[
  ],
  "finder":{
   "blocktype":"SubSystem",
   "masktype":""
  }
 },
 {
  "sid":"Drive_Cycle_Sim:114",
  "className":"Simulink.SubSystem",
  "icon":"Drive_Cycle_Sim2",
  "name":"Motors",
  "label":"Motors",
  "parent":"Drive_Cycle_Sim",
  "inspector":{
   "params":[
    "ShowPortLabels",
    "BlockChoice",
    "TemplateBlock",
    "MemberBlocks",
    "Permissions",
    "ErrorFcn",
    "PermitHierarchicalResolution",
    "TreatAsAtomicUnit",
    "MinAlgLoopOccurrences",
    "ScheduleAs",
    "PartitionName",
    "SystemSampleTime",
    "SetExecutionDomain",
    "ExecutionDomainType",
    "RTWSystemCode",
    "RTWFcnNameOpts",
    "RTWFcnName",
    "RTWFileNameOpts",
    "RTWFileName",
    "FunctionInterfaceSpec",
    "FunctionWithSeparateData",
    "RTWMemSecFuncInitTerm",
    "RTWMemSecFuncExecute",
    "RTWMemSecDataConstants",
    "RTWMemSecDataInternal",
    "RTWMemSecDataParameters",
    "IsSubsystemVirtual",
    "Variant",
    "VariantControlMode",
    "VariantControl",
    "LabelModeActiveChoice",
    "GeneratePreprocessorConditionals",
    "AllowZeroVariantControls",
    "PropagateVariantConditions",
    "CompiledActiveChoiceControl",
    "CompiledActiveChoiceBlock",
    "TreatAsGroupedWhenPropagatingVariantConditions",
    "ReferencedSubsystem",
    "Latency",
    "AutoFrameSizeCalculation"
   ],
   "values":[
    "FromPortIcon",
    "",
    "",
    "",
    "ReadWrite",
    "",
    "All",
    "off",
    "off",
    "Sample time",
    "",
    "-1",
    "off",
    "Deduce",
    "Auto",
    "Auto",
    "",
    "Auto",
    "",
    "void_void",
    "off",
    "Inherit from model",
    "Inherit from model",
    "Inherit from model",
    "Inherit from model",
    "Inherit from model",
    "on",
    "off",
    "Expression",
    "",
    "",
    "off",
    "off",
    "off",
    "",
    "",
    "on",
    "",
    "0",
    "off"
   ],
   "tabs":[
   ],
   "tabs_idx":[
   ]
  },
  "viewer":{
   "jshandler":"webview/handlers/ElementHandler"
  },
  "obj_viewer":[
  ],
  "finder":{
   "blocktype":"SubSystem",
   "masktype":""
  }
 },
 {
  "sid":"Drive_Cycle_Sim:150",
  "className":"Simulink.SubSystem",
  "icon":"Drive_Cycle_Sim2",
  "name":"Tire",
  "label":"Tire",
  "parent":"Drive_Cycle_Sim",
  "inspector":{
   "params":[
    "ShowPortLabels",
    "BlockChoice",
    "TemplateBlock",
    "MemberBlocks",
    "Permissions",
    "ErrorFcn",
    "PermitHierarchicalResolution",
    "TreatAsAtomicUnit",
    "MinAlgLoopOccurrences",
    "ScheduleAs",
    "PartitionName",
    "SystemSampleTime",
    "SetExecutionDomain",
    "ExecutionDomainType",
    "RTWSystemCode",
    "RTWFcnNameOpts",
    "RTWFcnName",
    "RTWFileNameOpts",
    "RTWFileName",
    "FunctionInterfaceSpec",
    "FunctionWithSeparateData",
    "RTWMemSecFuncInitTerm",
    "RTWMemSecFuncExecute",
    "RTWMemSecDataConstants",
    "RTWMemSecDataInternal",
    "RTWMemSecDataParameters",
    "IsSubsystemVirtual",
    "Variant",
    "VariantControlMode",
    "VariantControl",
    "LabelModeActiveChoice",
    "GeneratePreprocessorConditionals",
    "AllowZeroVariantControls",
    "PropagateVariantConditions",
    "CompiledActiveChoiceControl",
    "CompiledActiveChoiceBlock",
    "TreatAsGroupedWhenPropagatingVariantConditions",
    "ReferencedSubsystem",
    "Latency",
    "AutoFrameSizeCalculation"
   ],
   "values":[
    "FromPortIcon",
    "",
    "",
    "",
    "ReadWrite",
    "",
    "All",
    "off",
    "off",
    "Sample time",
    "",
    "-1",
    "off",
    "Deduce",
    "Auto",
    "Auto",
    "",
    "Auto",
    "",
    "void_void",
    "off",
    "Inherit from model",
    "Inherit from model",
    "Inherit from model",
    "Inherit from model",
    "Inherit from model",
    "on",
    "off",
    "Expression",
    "",
    "",
    "off",
    "off",
    "off",
    "",
    "",
    "on",
    "",
    "0",
    "off"
   ],
   "tabs":[
   ],
   "tabs_idx":[
   ]
  },
  "viewer":{
   "jshandler":"webview/handlers/ElementHandler"
  },
  "obj_viewer":[
  ],
  "finder":{
   "blocktype":"SubSystem",
   "masktype":""
  }
 },
 {
  "sid":"Drive_Cycle_Sim:21",
  "className":"Simulink.SubSystem",
  "icon":"Drive_Cycle_Sim2",
  "name":"Torque Commands",
  "label":"Torque Commands",
  "parent":"Drive_Cycle_Sim",
  "inspector":{
   "params":[
    "ShowPortLabels",
    "Permissions",
    "ErrorFcn",
    "PermitHierarchicalResolution",
    "TreatAsAtomicUnit",
    "TreatAsGroupedWhenPropagatingVariantConditions",
    "RTWSystemCode",
    "ReferencedSubsystem",
    "AllowZeroVariantControls",
    "AutoFrameSizeCalculation",
    "BlockChoice",
    "CompiledActiveChoiceBlock",
    "CompiledActiveChoiceControl",
    "ExecutionDomainType",
    "FunctionInterfaceSpec",
    "FunctionWithSeparateData",
    "GeneratePreprocessorConditionals",
    "IsSubsystemVirtual",
    "LabelModeActiveChoice",
    "Latency",
    "MemberBlocks",
    "MinAlgLoopOccurrences",
    "PartitionName",
    "PropagateVariantConditions",
    "RTWFcnName",
    "RTWFcnNameOpts",
    "RTWFileName",
    "RTWFileNameOpts",
    "RTWMemSecDataConstants",
    "RTWMemSecDataInternal",
    "RTWMemSecDataParameters",
    "RTWMemSecFuncExecute",
    "RTWMemSecFuncInitTerm",
    "ScheduleAs",
    "SetExecutionDomain",
    "SystemSampleTime",
    "TemplateBlock",
    "Variant",
    "VariantControl",
    "VariantControlMode"
   ],
   "values":[
    "FromPortIcon",
    "ReadWrite",
    "",
    "All",
    "off",
    "on",
    "Auto",
    "",
    "off",
    "off",
    "",
    "",
    "",
    "Deduce",
    "void_void",
    "off",
    "off",
    "on",
    "",
    "0",
    "",
    "off",
    "",
    "off",
    "",
    "Auto",
    "",
    "Auto",
    "Inherit from model",
    "Inherit from model",
    "Inherit from model",
    "Inherit from model",
    "Inherit from model",
    "Sample time",
    "off",
    "-1",
    "",
    "off",
    "",
    "Expression"
   ],
   "tabs":[
    "Main",
    "Code Generation",
    "Subsystem Reference",
    "-Other"
   ],
   "tabs_idx":[
    0,
    6,
    7,
    8
   ]
  },
  "viewer":{
   "jshandler":"webview/handlers/ElementHandler"
  },
  "obj_viewer":[
  ],
  "finder":{
   "blocktype":"SubSystem",
   "masktype":""
  }
 },
 {
  "sid":"Drive_Cycle_Sim:50",
  "className":"Simulink.SubSystem",
  "icon":"Drive_Cycle_Sim2",
  "name":"Vehicle Dynamics",
  "label":"Vehicle Dynamics",
  "parent":"Drive_Cycle_Sim",
  "inspector":{
   "params":[
    "ShowPortLabels",
    "BlockChoice",
    "TemplateBlock",
    "MemberBlocks",
    "Permissions",
    "ErrorFcn",
    "PermitHierarchicalResolution",
    "TreatAsAtomicUnit",
    "MinAlgLoopOccurrences",
    "ScheduleAs",
    "PartitionName",
    "SystemSampleTime",
    "SetExecutionDomain",
    "ExecutionDomainType",
    "RTWSystemCode",
    "RTWFcnNameOpts",
    "RTWFcnName",
    "RTWFileNameOpts",
    "RTWFileName",
    "FunctionInterfaceSpec",
    "FunctionWithSeparateData",
    "RTWMemSecFuncInitTerm",
    "RTWMemSecFuncExecute",
    "RTWMemSecDataConstants",
    "RTWMemSecDataInternal",
    "RTWMemSecDataParameters",
    "IsSubsystemVirtual",
    "Variant",
    "VariantControlMode",
    "VariantControl",
    "LabelModeActiveChoice",
    "GeneratePreprocessorConditionals",
    "AllowZeroVariantControls",
    "PropagateVariantConditions",
    "CompiledActiveChoiceControl",
    "CompiledActiveChoiceBlock",
    "TreatAsGroupedWhenPropagatingVariantConditions",
    "ReferencedSubsystem",
    "Latency",
    "AutoFrameSizeCalculation"
   ],
   "values":[
    "FromPortIcon",
    "",
    "",
    "",
    "ReadWrite",
    "",
    "All",
    "off",
    "off",
    "Sample time",
    "",
    "-1",
    "off",
    "Deduce",
    "Auto",
    "Auto",
    "",
    "Auto",
    "",
    "void_void",
    "off",
    "Inherit from model",
    "Inherit from model",
    "Inherit from model",
    "Inherit from model",
    "Inherit from model",
    "on",
    "off",
    "Expression",
    "",
    "",
    "off",
    "off",
    "off",
    "",
    "",
    "on",
    "",
    "0",
    "off"
   ],
   "tabs":[
   ],
   "tabs_idx":[
   ]
  },
  "viewer":{
   "jshandler":"webview/handlers/ElementHandler"
  },
  "obj_viewer":[
  ],
  "finder":{
   "blocktype":"SubSystem",
   "masktype":""
  }
 },
 {
  "sid":"Drive_Cycle_Sim:445",
  "className":"Simulink.SubSystem",
  "icon":"Drive_Cycle_Sim2",
  "name":"Vehicle Info",
  "label":"Vehicle Info",
  "parent":"Drive_Cycle_Sim",
  "inspector":{
   "params":[
    "ShowPortLabels",
    "Permissions",
    "ErrorFcn",
    "PermitHierarchicalResolution",
    "TreatAsAtomicUnit",
    "TreatAsGroupedWhenPropagatingVariantConditions",
    "RTWSystemCode",
    "ReferencedSubsystem",
    "AllowZeroVariantControls",
    "AutoFrameSizeCalculation",
    "BlockChoice",
    "CompiledActiveChoiceBlock",
    "CompiledActiveChoiceControl",
    "ExecutionDomainType",
    "FunctionInterfaceSpec",
    "FunctionWithSeparateData",
    "GeneratePreprocessorConditionals",
    "IsSubsystemVirtual",
    "LabelModeActiveChoice",
    "Latency",
    "MemberBlocks",
    "MinAlgLoopOccurrences",
    "PartitionName",
    "PropagateVariantConditions",
    "RTWFcnName",
    "RTWFcnNameOpts",
    "RTWFileName",
    "RTWFileNameOpts",
    "RTWMemSecDataConstants",
    "RTWMemSecDataInternal",
    "RTWMemSecDataParameters",
    "RTWMemSecFuncExecute",
    "RTWMemSecFuncInitTerm",
    "ScheduleAs",
    "SetExecutionDomain",
    "SystemSampleTime",
    "TemplateBlock",
    "Variant",
    "VariantControl",
    "VariantControlMode"
   ],
   "values":[
    "FromPortIcon",
    "ReadWrite",
    "",
    "All",
    "off",
    "on",
    "Auto",
    "",
    "off",
    "off",
    "",
    "",
    "",
    "Deduce",
    "void_void",
    "off",
    "off",
    "on",
    "",
    "0",
    "",
    "off",
    "",
    "off",
    "",
    "Auto",
    "",
    "Auto",
    "Inherit from model",
    "Inherit from model",
    "Inherit from model",
    "Inherit from model",
    "Inherit from model",
    "Sample time",
    "off",
    "-1",
    "",
    "off",
    "",
    "Expression"
   ],
   "tabs":[
    "Main",
    "Code Generation",
    "Subsystem Reference",
    "-Other"
   ],
   "tabs_idx":[
    0,
    6,
    7,
    8
   ]
  },
  "viewer":{
   "jshandler":"webview/handlers/ElementHandler"
  },
  "obj_viewer":[
  ],
  "finder":{
   "blocktype":"SubSystem",
   "masktype":""
  }
 }
]