[
 {
  "hid":1,
  "sid":"Drive_Cycle_Sim",
  "esid":"",
  "parent":0,
  "children":[
   2,
   3,
   4,
   5,
   6,
   7,
   8,
   9
  ],
  "name":"Drive_Cycle_Sim",
  "fullname":"Drive_Cycle_Sim",
  "label":"Drive_Cycle_Sim",
  "icon":"Drive_Cycle_Sim0",
  "svg":"support/slwebview_files/Drive_Cycle_Sim_d.svg",
  "thumbnail":"support/slwebview_files/Drive_Cycle_Sim_d.png",
  "backingUrl":"support/slwebview_files/Drive_Cycle_Sim_d.json",
  "elements":[
   ":2",
   ":10",
   ":12",
   ":21",
   ":114",
   ":110",
   ":460",
   ":458",
   ":50",
   ":476",
   ":345",
   ":396",
   ":250",
   ":144",
   ":78",
   ":450",
   ":475",
   ":457",
   ":346",
   ":76",
   ":500",
   ":445",
   ":344",
   ":124",
   ":259",
   ":100",
   ":327",
   ":95",
   ":506",
   ":150",
   ":10#out:1",
   ":2#out:1",
   ":21#out:2",
   ":150#out:1",
   ":250#out:1",
   ":150#out:2",
   ":95#out:1",
   ":76#out:1",
   ":259#out:1",
   ":100#out:1",
   ":396#out:1",
   ":100#out:2",
   ":344#out:1",
   ":144#out:1",
   ":124#out:1",
   ":114#out:1",
   ":21#out:1",
   ":114#out:2",
   ":346#out:1",
   ":2#out:3",
   ":2#out:2",
   ":78#out:1",
   ":50#out:1",
   ":50#out:2",
   ":450#out:1",
   ":445#out:1",
   ":445#out:3",
   ":445#out:2",
   ":327#out:1",
   ":100#out:3",
   ":476#out:1",
   ":327#out:2",
   ":500#out:1",
   ":506#out:1"
  ],
  "sameAsElement":false
 },
 {
  "hid":2,
  "sid":"Drive_Cycle_Sim:100",
  "esid":"Drive_Cycle_Sim:100",
  "parent":1,
  "children":[
   10
  ],
  "name":"Accumulator",
  "fullname":"Drive_Cycle_Sim/Accumulator",
  "label":"Accumulator",
  "icon":"Drive_Cycle_Sim2",
  "svg":"support/slwebview_files/Drive_Cycle_Sim_100_d.svg",
  "thumbnail":"support/slwebview_files/Drive_Cycle_Sim_100_d.png",
  "backingUrl":"support/slwebview_files/Drive_Cycle_Sim_100_d.json",
  "elements":[
   ":463",
   ":462",
   ":102",
   ":101",
   ":215",
   ":216",
   ":217",
   ":221",
   ":218",
   ":266",
   ":308",
   ":325",
   ":343",
   ":379",
   ":378",
   ":381",
   ":380",
   ":382",
   ":383",
   ":307",
   ":399",
   ":400",
   ":401",
   ":402",
   ":411",
   ":412",
   ":413",
   ":414",
   ":430",
   ":435",
   ":438",
   ":439",
   ":427",
   ":474",
   ":217#out:1",
   ":381#out:1",
   ":215#out:1",
   ":266#out:1",
   ":101#out:1",
   ":325#out:1",
   ":308#out:1",
   ":221#out:1",
   ":378#out:1",
   ":380#out:1",
   ":382#out:1",
   ":383#out:1",
   ":399#out:1",
   ":400#out:1",
   ":216#out:1",
   ":402#out:1",
   ":401#out:1",
   ":379#out:1",
   ":413#out:1",
   ":411#out:1",
   ":412#out:1",
   ":430#out:1",
   ":435#out:1",
   ":218#out:1",
   ":439#out:1",
   ":438#out:1",
   ":427#out:1"
  ],
  "sameAsElement":true
 },
 {
  "hid":10,
  "sid":"Drive_Cycle_Sim:308",
  "esid":"Drive_Cycle_Sim:308",
  "parent":2,
  "children":[
  ],
  "name":"Current Calculation",
  "fullname":"Drive_Cycle_Sim/Accumulator/Current Calculation",
  "label":"Current Calculation",
  "icon":"Drive_Cycle_Sim2",
  "svg":"support/slwebview_files/Drive_Cycle_Sim_308_d.svg",
  "thumbnail":"support/slwebview_files/Drive_Cycle_Sim_308_d.png",
  "backingUrl":"support/slwebview_files/Drive_Cycle_Sim_308_d.json",
  "elements":[
   ":323",
   ":377",
   ":319",
   ":318",
   ":317",
   ":316",
   ":315",
   ":314",
   ":312",
   ":311",
   ":310",
   ":309",
   ":321",
   ":326",
   ":309#out:1",
   ":312#out:1",
   ":318#out:1",
   ":326#out:1",
   ":317#out:1",
   ":315#out:1",
   ":319#out:1",
   ":310#out:1",
   ":311#out:1",
   ":316#out:1",
   ":314#out:1"
  ],
  "sameAsElement":true
 },
 {
  "hid":3,
  "sid":"Drive_Cycle_Sim:327",
  "esid":"Drive_Cycle_Sim:327",
  "parent":1,
  "children":[
  ],
  "name":"Accumulator Management System",
  "fullname":"Drive_Cycle_Sim/Accumulator Management System",
  "label":"Accumulator Management System",
  "icon":"Drive_Cycle_Sim2",
  "svg":"support/slwebview_files/Drive_Cycle_Sim_327_d.svg",
  "thumbnail":"support/slwebview_files/Drive_Cycle_Sim_327_d.png",
  "backingUrl":"support/slwebview_files/Drive_Cycle_Sim_327_d.json",
  "elements":[
   ":329",
   ":330",
   ":347",
   ":349",
   ":351",
   ":375",
   ":376",
   ":395",
   ":353",
   ":469",
   ":467",
   ":468",
   ":466",
   ":465",
   ":471",
   ":472",
   ":477",
   ":478",
   ":330#out:1",
   ":347#out:1",
   ":349#out:1",
   ":351#out:1",
   ":376#out:1",
   ":375#out:1",
   ":395#out:1",
   ":353#out:1",
   ":467#out:1",
   ":469#out:1",
   ":465#out:1",
   ":468#out:1",
   ":471#out:1",
   ":466#out:1",
   ":477#out:1",
   ":478#out:1"
  ],
  "sameAsElement":true
 },
 {
  "hid":4,
  "sid":"Drive_Cycle_Sim:124",
  "esid":"Drive_Cycle_Sim:124",
  "parent":1,
  "children":[
  ],
  "name":"Gearbox",
  "fullname":"Drive_Cycle_Sim/Gearbox",
  "label":"Gearbox",
  "icon":"Drive_Cycle_Sim2",
  "svg":"support/slwebview_files/Drive_Cycle_Sim_124_d.svg",
  "thumbnail":"support/slwebview_files/Drive_Cycle_Sim_124_d.png",
  "backingUrl":"support/slwebview_files/Drive_Cycle_Sim_124_d.json",
  "elements":[
   ":126",
   ":125",
   ":127",
   ":229",
   ":127#out:1",
   ":125#out:1",
   ":229#out:1"
  ],
  "sameAsElement":true
 },
 {
  "hid":5,
  "sid":"Drive_Cycle_Sim:114",
  "esid":"Drive_Cycle_Sim:114",
  "parent":1,
  "children":[
  ],
  "name":"Motors",
  "fullname":"Drive_Cycle_Sim/Motors",
  "label":"Motors",
  "icon":"Drive_Cycle_Sim2",
  "svg":"support/slwebview_files/Drive_Cycle_Sim_114_d.svg",
  "thumbnail":"support/slwebview_files/Drive_Cycle_Sim_114_d.png",
  "backingUrl":"support/slwebview_files/Drive_Cycle_Sim_114_d.json",
  "elements":[
   ":454",
   ":453",
   ":495",
   ":464",
   ":115",
   ":116",
   ":117",
   ":119",
   ":120",
   ":190",
   ":193",
   ":197",
   ":200",
   ":201",
   ":204",
   ":300",
   ":305",
   ":334",
   ":335",
   ":336",
   ":354",
   ":357",
   ":358",
   ":359",
   ":360",
   ":361",
   ":362",
   ":356",
   ":428",
   ":451",
   ":452",
   ":479",
   ":494",
   ":489",
   ":492",
   ":490",
   ":491",
   ":493",
   ":496",
   ":497",
   ":503",
   ":201#out:1",
   ":200#out:1",
   ":300#out:1",
   ":117#out:1",
   ":300#out:2",
   ":193#out:1",
   ":197#out:1",
   ":116#out:1",
   ":115#out:1",
   ":190#out:1",
   ":335#out:1",
   ":336#out:1",
   ":354#out:1",
   ":334#out:1",
   ":359#out:1",
   ":359#out:2",
   ":361#out:1",
   ":305#out:1",
   ":360#out:1",
   ":362#out:1",
   ":357#out:1",
   ":358#out:1",
   ":204#out:1",
   ":428#out:1",
   ":451#out:1",
   ":452#out:1",
   ":492#out:1",
   ":490#out:2",
   ":490#out:1",
   ":493#out:1",
   ":489#out:1",
   ":494#out:1",
   ":479#out:1",
   ":496#out:1",
   ":491#out:1",
   ":497#out:1",
   ":503#out:1"
  ],
  "sameAsElement":true
 },
 {
  "hid":6,
  "sid":"Drive_Cycle_Sim:150",
  "esid":"Drive_Cycle_Sim:150",
  "parent":1,
  "children":[
  ],
  "name":"Tire",
  "fullname":"Drive_Cycle_Sim/Tire",
  "label":"Tire",
  "icon":"Drive_Cycle_Sim2",
  "svg":"support/slwebview_files/Drive_Cycle_Sim_150_d.svg",
  "thumbnail":"support/slwebview_files/Drive_Cycle_Sim_150_d.png",
  "backingUrl":"support/slwebview_files/Drive_Cycle_Sim_150_d.json",
  "elements":[
   ":152",
   ":151",
   ":153",
   ":164",
   ":162",
   ":171",
   ":175",
   ":86",
   ":90",
   ":155",
   ":156",
   ":166",
   ":167",
   ":169",
   ":170",
   ":373",
   ":374",
   ":153#out:1",
   ":171#out:1",
   ":151#out:1",
   ":162#out:1",
   ":175#out:1",
   ":169#out:1",
   ":155#out:1",
   ":167#out:1",
   ":90#out:1",
   ":166#out:1",
   ":156#out:1",
   ":86#out:1",
   ":164#out:1",
   ":373#out:1",
   ":374#out:1"
  ],
  "sameAsElement":true
 },
 {
  "hid":7,
  "sid":"Drive_Cycle_Sim:21",
  "esid":"Drive_Cycle_Sim:21",
  "parent":1,
  "children":[
  ],
  "name":"Torque Commands",
  "fullname":"Drive_Cycle_Sim/Torque Commands",
  "label":"Torque Commands",
  "icon":"Drive_Cycle_Sim2",
  "svg":"support/slwebview_files/Drive_Cycle_Sim_21_d.svg",
  "thumbnail":"support/slwebview_files/Drive_Cycle_Sim_21_d.png",
  "backingUrl":"support/slwebview_files/Drive_Cycle_Sim_21_d.json",
  "elements":[
   ":35",
   ":36",
   ":132",
   ":134",
   ":138",
   ":139",
   ":140",
   ":142",
   ":149",
   ":397",
   ":473",
   ":483",
   ":485",
   ":486",
   ":501",
   ":502",
   ":35#out:1",
   ":134#out:1",
   ":139#out:1",
   ":142#out:1",
   ":138#out:1",
   ":140#out:1",
   ":132#out:1",
   ":473#out:1",
   ":485#out:1",
   ":483#out:1",
   ":486#out:1",
   ":36#out:1",
   ":501#out:1"
  ],
  "sameAsElement":true
 },
 {
  "hid":8,
  "sid":"Drive_Cycle_Sim:50",
  "esid":"Drive_Cycle_Sim:50",
  "parent":1,
  "children":[
  ],
  "name":"Vehicle Dynamics",
  "fullname":"Drive_Cycle_Sim/Vehicle Dynamics",
  "label":"Vehicle Dynamics",
  "icon":"Drive_Cycle_Sim2",
  "svg":"support/slwebview_files/Drive_Cycle_Sim_50_d.svg",
  "thumbnail":"support/slwebview_files/Drive_Cycle_Sim_50_d.png",
  "backingUrl":"support/slwebview_files/Drive_Cycle_Sim_50_d.json",
  "elements":[
   ":56",
   ":57",
   ":58",
   ":64",
   ":65",
   ":71",
   ":72",
   ":73",
   ":74",
   ":81",
   ":82",
   ":84",
   ":92",
   ":178",
   ":64#out:1",
   ":56#out:3",
   ":56#out:4",
   ":56#out:2",
   ":74#out:1",
   ":82#out:1",
   ":84#out:1",
   ":56#out:1",
   ":65#out:1",
   ":57#out:1",
   ":58#out:1",
   ":178#out:1",
   ":178#out:2",
   ":81#out:1"
  ],
  "sameAsElement":true
 },
 {
  "hid":9,
  "sid":"Drive_Cycle_Sim:445",
  "esid":"Drive_Cycle_Sim:445",
  "parent":1,
  "children":[
  ],
  "name":"Vehicle Info",
  "fullname":"Drive_Cycle_Sim/Vehicle Info",
  "label":"Vehicle Info",
  "icon":"Drive_Cycle_Sim2",
  "svg":"support/slwebview_files/Drive_Cycle_Sim_445_d.svg",
  "thumbnail":"support/slwebview_files/Drive_Cycle_Sim_445_d.png",
  "backingUrl":"support/slwebview_files/Drive_Cycle_Sim_445_d.json",
  "elements":[
   ":456",
   ":459",
   ":455",
   ":371",
   ":369",
   ":410",
   ":407",
   ":419",
   ":420",
   ":389",
   ":390",
   ":418",
   ":409",
   ":93",
   ":449",
   ":448",
   ":449#out:1",
   ":93#out:2",
   ":409#out:1",
   ":420#out:1",
   ":389#out:1",
   ":419#out:1",
   ":418#out:1",
   ":390#out:1",
   ":369#out:1",
   ":93#out:1",
   ":371#out:1",
   ":448#out:1"
  ],
  "sameAsElement":true
 }
]