[
 {
  "sid":"Drive_Cycle_Sim:35",
  "className":"Simulink.Inport",
  "icon":"Drive_Cycle_Sim1",
  "name":"AccelCmd",
  "label":"AccelCmd",
  "parent":"Drive_Cycle_Sim:21",
  "inspector":{
   "params":[
    "Port",
    "IconDisplay",
    "LatchByDelayingOutsideSignal",
    "LatchInputForFeedbackSignals",
    "OutputFunctionCall",
    "OutMin",
    "OutMax",
    "OutDataTypeStr",
    "LockScale",
    "Unit",
    "PortDimensions",
    "VarSizeSig",
    "SampleTime",
    "SignalType",
    "BusOutputAsStruct",
    "InputConnect",
    "Interpolate"
   ],
   "values":[
    "1",
    "Port number",
    "off",
    "off",
    "off",
    "[]",
    "[]",
    "Inherit: auto",
    "off",
    "",
    "-1",
    "Inherit",
    "-1",
    "auto",
    "off",
    "",
    "on"
   ],
   "tabs":[
    "Main",
    "Signal Attributes",
    "-Other"
   ],
   "tabs_idx":[
    0,
    4,
    14
   ]
  },
  "viewer":{
   "jshandler":"webview/handlers/ElementHandler"
  },
  "obj_viewer":[
  ],
  "finder":{
   "blocktype":"Inport",
   "masktype":""
  }
 },
 {
  "sid":"Drive_Cycle_Sim:36",
  "className":"Simulink.Inport",
  "icon":"Drive_Cycle_Sim1",
  "name":"DecelCmd",
  "label":"DecelCmd",
  "parent":"Drive_Cycle_Sim:21",
  "inspector":{
   "params":[
    "Port",
    "IconDisplay",
    "LatchByDelayingOutsideSignal",
    "LatchInputForFeedbackSignals",
    "OutputFunctionCall",
    "OutMin",
    "OutMax",
    "OutDataTypeStr",
    "LockScale",
    "Unit",
    "PortDimensions",
    "VarSizeSig",
    "SampleTime",
    "SignalType",
    "BusOutputAsStruct",
    "InputConnect",
    "Interpolate"
   ],
   "values":[
    "2",
    "Port number",
    "off",
    "off",
    "off",
    "[]",
    "[]",
    "Inherit: auto",
    "off",
    "inherit",
    "-1",
    "Inherit",
    "-1",
    "auto",
    "off",
    "",
    "on"
   ],
   "tabs":[
    "Main",
    "Signal Attributes",
    "-Other"
   ],
   "tabs_idx":[
    0,
    4,
    14
   ]
  },
  "viewer":{
   "jshandler":"webview/handlers/ElementHandler"
  },
  "obj_viewer":[
  ],
  "finder":{
   "blocktype":"Inport",
   "masktype":""
  }
 },
 {
  "sid":"Drive_Cycle_Sim:132",
  "className":"Simulink.Inport",
  "icon":"Drive_Cycle_Sim1",
  "name":"Motor Speed",
  "label":"Motor Speed",
  "parent":"Drive_Cycle_Sim:21",
  "inspector":{
   "params":[
    "Port",
    "IconDisplay",
    "LatchByDelayingOutsideSignal",
    "LatchInputForFeedbackSignals",
    "OutputFunctionCall",
    "OutMin",
    "OutMax",
    "OutDataTypeStr",
    "LockScale",
    "Unit",
    "PortDimensions",
    "VarSizeSig",
    "SampleTime",
    "SignalType",
    "BusOutputAsStruct",
    "InputConnect",
    "Interpolate"
   ],
   "values":[
    "3",
    "Port number",
    "off",
    "off",
    "off",
    "[]",
    "[]",
    "Inherit: auto",
    "off",
    "rpm",
    "-1",
    "Inherit",
    "-1",
    "auto",
    "off",
    "",
    "on"
   ],
   "tabs":[
    "Main",
    "Signal Attributes",
    "-Other"
   ],
   "tabs_idx":[
    0,
    4,
    14
   ]
  },
  "viewer":{
   "jshandler":"webview/handlers/ElementHandler"
  },
  "obj_viewer":[
  ],
  "finder":{
   "blocktype":"Inport",
   "masktype":""
  }
 },
 {
  "sid":"Drive_Cycle_Sim:134",
  "className":"Simulink.Lookup_nD",
  "icon":"Drive_Cycle_Sim1",
  "name":"Max Motor Torque Pedal Mapping",
  "label":"Max Motor Torque Pedal Mapping",
  "parent":"Drive_Cycle_Sim:21",
  "inspector":{
   "params":[
    "NumberOfTableDimensions",
    "DataSpecification",
    "Table",
    "BreakpointsSpecification",
    "BreakpointsForDimension1",
    "InterpMethod",
    "ExtrapMethod",
    "UseLastTableValue",
    "IndexSearchMethod",
    "BeginIndexSearchUsingPreviousIndexResult",
    "DiagnosticForOutOfRangeInput",
    "UseOneInputPortForAllInputData",
    "RemoveProtectionInput",
    "SupportTunableTableSize",
    "TableDataTypeStr",
    "TableMin",
    "TableMax",
    "BreakpointsForDimension1DataTypeStr",
    "BreakpointsForDimension1Min",
    "BreakpointsForDimension1Max",
    "FractionDataTypeStr",
    "IntermediateResultsDataTypeStr",
    "OutDataTypeStr",
    "OutMin",
    "OutMax",
    "InternalRulePriority",
    "InputSameDT",
    "LockScale",
    "RndMeth",
    "SaturateOnIntegerOverflow",
    "BreakpointsForDimension10",
    "BreakpointsForDimension10DataTypeStr",
    "BreakpointsForDimension10FirstPoint",
    "BreakpointsForDimension10Max",
    "BreakpointsForDimension10Min",
    "BreakpointsForDimension10Spacing",
    "BreakpointsForDimension11",
    "BreakpointsForDimension11DataTypeStr",
    "BreakpointsForDimension11FirstPoint",
    "BreakpointsForDimension11Max",
    "BreakpointsForDimension11Min",
    "BreakpointsForDimension11Spacing",
    "BreakpointsForDimension12",
    "BreakpointsForDimension12DataTypeStr",
    "BreakpointsForDimension12FirstPoint",
    "BreakpointsForDimension12Max",
    "BreakpointsForDimension12Min",
    "BreakpointsForDimension12Spacing",
    "BreakpointsForDimension13",
    "BreakpointsForDimension13DataTypeStr",
    "BreakpointsForDimension13FirstPoint",
    "BreakpointsForDimension13Max",
    "BreakpointsForDimension13Min",
    "BreakpointsForDimension13Spacing",
    "BreakpointsForDimension14",
    "BreakpointsForDimension14DataTypeStr",
    "BreakpointsForDimension14FirstPoint",
    "BreakpointsForDimension14Max",
    "BreakpointsForDimension14Min",
    "BreakpointsForDimension14Spacing",
    "BreakpointsForDimension15",
    "BreakpointsForDimension15DataTypeStr",
    "BreakpointsForDimension15FirstPoint",
    "BreakpointsForDimension15Max",
    "BreakpointsForDimension15Min",
    "BreakpointsForDimension15Spacing",
    "BreakpointsForDimension16",
    "BreakpointsForDimension16DataTypeStr",
    "BreakpointsForDimension16FirstPoint",
    "BreakpointsForDimension16Max",
    "BreakpointsForDimension16Min",
    "BreakpointsForDimension16Spacing",
    "BreakpointsForDimension17",
    "BreakpointsForDimension17DataTypeStr",
    "BreakpointsForDimension17FirstPoint",
    "BreakpointsForDimension17Max",
    "BreakpointsForDimension17Min",
    "BreakpointsForDimension17Spacing",
    "BreakpointsForDimension18",
    "BreakpointsForDimension18DataTypeStr",
    "BreakpointsForDimension18FirstPoint",
    "BreakpointsForDimension18Max",
    "BreakpointsForDimension18Min",
    "BreakpointsForDimension18Spacing",
    "BreakpointsForDimension19",
    "BreakpointsForDimension19DataTypeStr",
    "BreakpointsForDimension19FirstPoint",
    "BreakpointsForDimension19Max",
    "BreakpointsForDimension19Min",
    "BreakpointsForDimension19Spacing",
    "BreakpointsForDimension1FirstPoint",
    "BreakpointsForDimension1Spacing",
    "BreakpointsForDimension2",
    "BreakpointsForDimension20",
    "BreakpointsForDimension20DataTypeStr",
    "BreakpointsForDimension20FirstPoint",
    "BreakpointsForDimension20Max",
    "BreakpointsForDimension20Min",
    "BreakpointsForDimension20Spacing",
    "BreakpointsForDimension21",
    "BreakpointsForDimension21DataTypeStr",
    "BreakpointsForDimension21FirstPoint",
    "BreakpointsForDimension21Max",
    "BreakpointsForDimension21Min",
    "BreakpointsForDimension21Spacing",
    "BreakpointsForDimension22",
    "BreakpointsForDimension22DataTypeStr",
    "BreakpointsForDimension22FirstPoint",
    "BreakpointsForDimension22Max",
    "BreakpointsForDimension22Min",
    "BreakpointsForDimension22Spacing",
    "BreakpointsForDimension23",
    "BreakpointsForDimension23DataTypeStr",
    "BreakpointsForDimension23FirstPoint",
    "BreakpointsForDimension23Max",
    "BreakpointsForDimension23Min",
    "BreakpointsForDimension23Spacing",
    "BreakpointsForDimension24",
    "BreakpointsForDimension24DataTypeStr",
    "BreakpointsForDimension24FirstPoint",
    "BreakpointsForDimension24Max",
    "BreakpointsForDimension24Min",
    "BreakpointsForDimension24Spacing",
    "BreakpointsForDimension25",
    "BreakpointsForDimension25DataTypeStr",
    "BreakpointsForDimension25FirstPoint",
    "BreakpointsForDimension25Max",
    "BreakpointsForDimension25Min",
    "BreakpointsForDimension25Spacing",
    "BreakpointsForDimension26",
    "BreakpointsForDimension26DataTypeStr",
    "BreakpointsForDimension26FirstPoint",
    "BreakpointsForDimension26Max",
    "BreakpointsForDimension26Min",
    "BreakpointsForDimension26Spacing",
    "BreakpointsForDimension27",
    "BreakpointsForDimension27DataTypeStr",
    "BreakpointsForDimension27FirstPoint",
    "BreakpointsForDimension27Max",
    "BreakpointsForDimension27Min",
    "BreakpointsForDimension27Spacing",
    "BreakpointsForDimension28",
    "BreakpointsForDimension28DataTypeStr",
    "BreakpointsForDimension28FirstPoint",
    "BreakpointsForDimension28Max",
    "BreakpointsForDimension28Min",
    "BreakpointsForDimension28Spacing",
    "BreakpointsForDimension29",
    "BreakpointsForDimension29DataTypeStr",
    "BreakpointsForDimension29FirstPoint",
    "BreakpointsForDimension29Max",
    "BreakpointsForDimension29Min",
    "BreakpointsForDimension29Spacing",
    "BreakpointsForDimension2DataTypeStr",
    "BreakpointsForDimension2FirstPoint",
    "BreakpointsForDimension2Max",
    "BreakpointsForDimension2Min",
    "BreakpointsForDimension2Spacing",
    "BreakpointsForDimension3",
    "BreakpointsForDimension30",
    "BreakpointsForDimension30DataTypeStr",
    "BreakpointsForDimension30FirstPoint",
    "BreakpointsForDimension30Max",
    "BreakpointsForDimension30Min",
    "BreakpointsForDimension30Spacing",
    "BreakpointsForDimension3DataTypeStr",
    "BreakpointsForDimension3FirstPoint",
    "BreakpointsForDimension3Max",
    "BreakpointsForDimension3Min",
    "BreakpointsForDimension3Spacing",
    "BreakpointsForDimension4",
    "BreakpointsForDimension4DataTypeStr",
    "BreakpointsForDimension4FirstPoint",
    "BreakpointsForDimension4Max",
    "BreakpointsForDimension4Min",
    "BreakpointsForDimension4Spacing",
    "BreakpointsForDimension5",
    "BreakpointsForDimension5DataTypeStr",
    "BreakpointsForDimension5FirstPoint",
    "BreakpointsForDimension5Max",
    "BreakpointsForDimension5Min",
    "BreakpointsForDimension5Spacing",
    "BreakpointsForDimension6",
    "BreakpointsForDimension6DataTypeStr",
    "BreakpointsForDimension6FirstPoint",
    "BreakpointsForDimension6Max",
    "BreakpointsForDimension6Min",
    "BreakpointsForDimension6Spacing",
    "BreakpointsForDimension7",
    "BreakpointsForDimension7DataTypeStr",
    "BreakpointsForDimension7FirstPoint",
    "BreakpointsForDimension7Max",
    "BreakpointsForDimension7Min",
    "BreakpointsForDimension7Spacing",
    "BreakpointsForDimension8",
    "BreakpointsForDimension8DataTypeStr",
    "BreakpointsForDimension8FirstPoint",
    "BreakpointsForDimension8Max",
    "BreakpointsForDimension8Min",
    "BreakpointsForDimension8Spacing",
    "BreakpointsForDimension9",
    "BreakpointsForDimension9DataTypeStr",
    "BreakpointsForDimension9FirstPoint",
    "BreakpointsForDimension9Max",
    "BreakpointsForDimension9Min",
    "BreakpointsForDimension9Spacing",
    "LookupTableObject",
    "MaximumIndicesForEachDimension",
    "SampleTime"
   ],
   "values":[
    "1",
    "Table and breakpoints",
    "PedalMap.k_maxTorqueLookupTable",
    "Explicit values",
    "PedalMap.k_motorRPMBreakPoints",
    "Linear point-slope",
    "Clip",
    "off",
    "Binary search",
    "off",
    "None",
    "off",
    "off",
    "off",
    "Inherit: Same as output",
    "[]",
    "[]",
    "Inherit: Same as corresponding input",
    "[]",
    "[]",
    "Inherit: Inherit via internal rule",
    "Inherit: Same as output",
    "Inherit: Same as first input",
    "[]",
    "[]",
    "Speed",
    "on",
    "off",
    "Simplest",
    "off",
    "[1:3]",
    "Inherit: Same as corresponding input",
    "1",
    "[]",
    "[]",
    "1",
    "[1:3]",
    "Inherit: Same as corresponding input",
    "1",
    "[]",
    "[]",
    "1",
    "[1:3]",
    "Inherit: Same as corresponding input",
    "1",
    "[]",
    "[]",
    "1",
    "[1:3]",
    "Inherit: Same as corresponding input",
    "1",
    "[]",
    "[]",
    "1",
    "[1:3]",
    "Inherit: Same as corresponding input",
    "1",
    "[]",
    "[]",
    "1",
    "[1:3]",
    "Inherit: Same as corresponding input",
    "1",
    "[]",
    "[]",
    "1",
    "[1:3]",
    "Inherit: Same as corresponding input",
    "1",
    "[]",
    "[]",
    "1",
    "[1:3]",
    "Inherit: Same as corresponding input",
    "1",
    "[]",
    "[]",
    "1",
    "[1:3]",
    "Inherit: Same as corresponding input",
    "1",
    "[]",
    "[]",
    "1",
    "[1:3]",
    "Inherit: Same as corresponding input",
    "1",
    "[]",
    "[]",
    "1",
    "1",
    "1",
    "[10,22,31]",
    "[1:3]",
    "Inherit: Same as corresponding input",
    "1",
    "[]",
    "[]",
    "1",
    "[1:3]",
    "Inherit: Same as corresponding input",
    "1",
    "[]",
    "[]",
    "1",
    "[1:3]",
    "Inherit: Same as corresponding input",
    "1",
    "[]",
    "[]",
    "1",
    "[1:3]",
    "Inherit: Same as corresponding input",
    "1",
    "[]",
    "[]",
    "1",
    "[1:3]",
    "Inherit: Same as corresponding input",
    "1",
    "[]",
    "[]",
    "1",
    "[1:3]",
    "Inherit: Same as corresponding input",
    "1",
    "[]",
    "[]",
    "1",
    "[1:3]",
    "Inherit: Same as corresponding input",
    "1",
    "[]",
    "[]",
    "1",
    "[1:3]",
    "Inherit: Same as corresponding input",
    "1",
    "[]",
    "[]",
    "1",
    "[1:3]",
    "Inherit: Same as corresponding input",
    "1",
    "[]",
    "[]",
    "1",
    "[1:3]",
    "Inherit: Same as corresponding input",
    "1",
    "[]",
    "[]",
    "1",
    "Inherit: Same as corresponding input",
    "1",
    "[]",
    "[]",
    "1",
    "[1:3]",
    "[1:3]",
    "Inherit: Same as corresponding input",
    "1",
    "[]",
    "[]",
    "1",
    "Inherit: Same as corresponding input",
    "1",
    "[]",
    "[]",
    "1",
    "[1:3]",
    "Inherit: Same as corresponding input",
    "1",
    "[]",
    "[]",
    "1",
    "[1:3]",
    "Inherit: Same as corresponding input",
    "1",
    "[]",
    "[]",
    "1",
    "[1:3]",
    "Inherit: Same as corresponding input",
    "1",
    "[]",
    "[]",
    "1",
    "[1:3]",
    "Inherit: Same as corresponding input",
    "1",
    "[]",
    "[]",
    "1",
    "[1:3]",
    "Inherit: Same as corresponding input",
    "1",
    "[]",
    "[]",
    "1",
    "[1:3]",
    "Inherit: Same as corresponding input",
    "1",
    "[]",
    "[]",
    "1",
    "",
    "[]",
    "-1"
   ],
   "tabs":[
    "Table and Breakpoints",
    "Algorithm",
    "Data Types",
    "-Other"
   ],
   "tabs_idx":[
    0,
    5,
    14,
    30
   ]
  },
  "viewer":{
   "jshandler":"webview/handlers/ElementHandler"
  },
  "obj_viewer":[
  ],
  "finder":{
   "blocktype":"Lookup_n-D",
   "masktype":""
  }
 },
 {
  "sid":"Drive_Cycle_Sim:138",
  "className":"Simulink.Product",
  "icon":"Drive_Cycle_Sim1",
  "name":"Product",
  "label":"Product",
  "parent":"Drive_Cycle_Sim:21",
  "inspector":{
   "params":[
    "Inputs",
    "Multiplication",
    "InputSameDT",
    "OutMin",
    "OutMax",
    "OutDataTypeStr",
    "LockScale",
    "RndMeth",
    "SaturateOnIntegerOverflow",
    "CollapseDim",
    "CollapseMode",
    "SampleTime"
   ],
   "values":[
    "2",
    "Element-wise(.*)",
    "off",
    "[]",
    "[]",
    "Inherit: Inherit via internal rule",
    "off",
    "Floor",
    "off",
    "1",
    "All dimensions",
    "-1"
   ],
   "tabs":[
    "Main",
    "Signal Attributes",
    "-Other"
   ],
   "tabs_idx":[
    0,
    2,
    9
   ]
  },
  "viewer":{
   "jshandler":"webview/handlers/ElementHandler"
  },
  "obj_viewer":[
  ],
  "finder":{
   "blocktype":"Product",
   "masktype":""
  }
 },
 {
  "sid":"Drive_Cycle_Sim:139",
  "className":"Simulink.Gain",
  "icon":"Drive_Cycle_Sim1",
  "name":"Max Brake Torque All Wheels",
  "label":"Max Brake Torque All Wheels",
  "parent":"Drive_Cycle_Sim:21",
  "inspector":{
   "params":[
    "Gain",
    "Multiplication",
    "OutMin",
    "OutMax",
    "OutDataTypeStr",
    "LockScale",
    "RndMeth",
    "SaturateOnIntegerOverflow",
    "ParamMin",
    "ParamMax",
    "ParamDataTypeStr",
    "SampleTime"
   ],
   "values":[
    "Brakes.k_maxBrakeTorque",
    "Element-wise(K.*u)",
    "[]",
    "[]",
    "Inherit: Inherit via internal rule",
    "off",
    "Floor",
    "off",
    "[]",
    "[]",
    "Inherit: Inherit via internal rule",
    "-1"
   ],
   "tabs":[
    "Main",
    "Signal Attributes",
    "Parameter Attributes",
    "-Other"
   ],
   "tabs_idx":[
    0,
    2,
    8,
    11
   ]
  },
  "viewer":{
   "jshandler":"webview/handlers/ElementHandler"
  },
  "obj_viewer":[
  ],
  "finder":{
   "blocktype":"Gain",
   "masktype":""
  }
 },
 {
  "sid":"Drive_Cycle_Sim:140",
  "className":"Simulink.Switch",
  "icon":"Drive_Cycle_Sim1",
  "name":"Switch",
  "label":"Switch",
  "parent":"Drive_Cycle_Sim:21",
  "inspector":{
   "params":[
    "Criteria",
    "Threshold",
    "ZeroCross",
    "InputSameDT",
    "OutMin",
    "OutMax",
    "OutDataTypeStr",
    "LockScale",
    "RndMeth",
    "SaturateOnIntegerOverflow",
    "AllowDiffInputSizes",
    "SampleTime"
   ],
   "values":[
    "u2 > Threshold",
    "0",
    "on",
    "off",
    "[]",
    "[]",
    "Inherit: Inherit via internal rule",
    "off",
    "Floor",
    "off",
    "off",
    "-1"
   ],
   "tabs":[
    "Main",
    "Signal Attributes",
    "-Other"
   ],
   "tabs_idx":[
    0,
    3,
    11
   ]
  },
  "viewer":{
   "jshandler":"webview/handlers/ElementHandler"
  },
  "obj_viewer":[
  ],
  "finder":{
   "blocktype":"Switch",
   "masktype":""
  }
 },
 {
  "sid":"Drive_Cycle_Sim:142",
  "className":"Simulink.From",
  "icon":"Drive_Cycle_Sim1",
  "name":"From2",
  "label":"From2",
  "parent":"Drive_Cycle_Sim:21",
  "inspector":{
   "params":[
    "GotoTag",
    "IconDisplay"
   ],
   "values":[
    "AccCmd",
    "Tag"
   ],
   "tabs":[
    "Parameter Attributes"
   ],
   "tabs_idx":0
  },
  "viewer":{
   "jshandler":"webview/handlers/ElementLinkHandler",
   "destinations":[
    "Drive_Cycle_Sim:502"
   ]
  },
  "obj_viewer":[
  ],
  "finder":{
   "blocktype":"From",
   "masktype":""
  }
 },
 {
  "sid":"Drive_Cycle_Sim:149",
  "className":"Simulink.Outport",
  "icon":"Drive_Cycle_Sim1",
  "name":"Brake Torque",
  "label":"Brake Torque",
  "parent":"Drive_Cycle_Sim:21",
  "inspector":{
   "params":[
    "Port",
    "IconDisplay",
    "OutMin",
    "OutMax",
    "OutDataTypeStr",
    "LockScale",
    "Unit",
    "PortDimensions",
    "VarSizeSig",
    "SampleTime",
    "SignalType",
    "BusOutputAsStruct",
    "EnsureOutportIsVirtual",
    "InitialOutput",
    "MustResolveToSignalObject",
    "OutputWhenDisabled",
    "OutputWhenUnConnected",
    "OutputWhenUnconnectedValue",
    "SignalName",
    "SignalObject",
    "SourceOfInitialOutputValue",
    "StorageClass",
    "VectorParamsAs1DForOutWhenUnconnected"
   ],
   "values":[
    "2",
    "Port number",
    "[]",
    "[]",
    "Inherit: auto",
    "off",
    "N*m",
    "-1",
    "Inherit",
    "-1",
    "auto",
    "off",
    "off",
    "[]",
    "off",
    "held",
    "off",
    "0",
    "",
    [
    ],
    "Dialog",
    "Auto",
    "on"
   ],
   "tabs":[
    "Main",
    "Signal Attributes",
    "-Other"
   ],
   "tabs_idx":[
    0,
    2,
    11
   ]
  },
  "viewer":{
   "jshandler":"webview/handlers/ElementHandler"
  },
  "obj_viewer":[
  ],
  "finder":{
   "blocktype":"Outport",
   "masktype":""
  }
 },
 {
  "sid":"Drive_Cycle_Sim:397",
  "className":"Simulink.Outport",
  "icon":"Drive_Cycle_Sim1",
  "name":"TrqCmd",
  "label":"TrqCmd",
  "parent":"Drive_Cycle_Sim:21",
  "inspector":{
   "params":[
    "Port",
    "IconDisplay",
    "OutMin",
    "OutMax",
    "OutDataTypeStr",
    "LockScale",
    "Unit",
    "PortDimensions",
    "VarSizeSig",
    "SampleTime",
    "SignalType",
    "BusOutputAsStruct",
    "EnsureOutportIsVirtual",
    "InitialOutput",
    "MustResolveToSignalObject",
    "OutputWhenDisabled",
    "OutputWhenUnConnected",
    "OutputWhenUnconnectedValue",
    "SignalName",
    "SignalObject",
    "SourceOfInitialOutputValue",
    "StorageClass",
    "VectorParamsAs1DForOutWhenUnconnected"
   ],
   "values":[
    "1",
    "Port number",
    "[]",
    "[]",
    "Inherit: auto",
    "off",
    "N*m",
    "-1",
    "Inherit",
    "-1",
    "auto",
    "off",
    "off",
    "[]",
    "off",
    "held",
    "off",
    "0",
    "",
    [
    ],
    "Dialog",
    "Auto",
    "on"
   ],
   "tabs":[
    "Main",
    "Signal Attributes",
    "-Other"
   ],
   "tabs_idx":[
    0,
    2,
    11
   ]
  },
  "viewer":{
   "jshandler":"webview/handlers/ElementHandler"
  },
  "obj_viewer":[
  ],
  "finder":{
   "blocktype":"Outport",
   "masktype":""
  }
 },
 {
  "sid":"Drive_Cycle_Sim:473",
  "className":"Simulink.Lookup_nD",
  "icon":"Drive_Cycle_Sim1",
  "name":"Speed Limit for Regen",
  "label":"Speed Limit for Regen",
  "parent":"Drive_Cycle_Sim:21",
  "inspector":{
   "params":[
    "NumberOfTableDimensions",
    "DataSpecification",
    "Table",
    "BreakpointsSpecification",
    "BreakpointsForDimension1",
    "InterpMethod",
    "ExtrapMethod",
    "UseLastTableValue",
    "IndexSearchMethod",
    "BeginIndexSearchUsingPreviousIndexResult",
    "DiagnosticForOutOfRangeInput",
    "UseOneInputPortForAllInputData",
    "RemoveProtectionInput",
    "SupportTunableTableSize",
    "TableDataTypeStr",
    "TableMin",
    "TableMax",
    "BreakpointsForDimension1DataTypeStr",
    "BreakpointsForDimension1Min",
    "BreakpointsForDimension1Max",
    "FractionDataTypeStr",
    "IntermediateResultsDataTypeStr",
    "OutDataTypeStr",
    "OutMin",
    "OutMax",
    "InternalRulePriority",
    "InputSameDT",
    "LockScale",
    "RndMeth",
    "SaturateOnIntegerOverflow",
    "BreakpointsForDimension10",
    "BreakpointsForDimension10DataTypeStr",
    "BreakpointsForDimension10FirstPoint",
    "BreakpointsForDimension10Max",
    "BreakpointsForDimension10Min",
    "BreakpointsForDimension10Spacing",
    "BreakpointsForDimension11",
    "BreakpointsForDimension11DataTypeStr",
    "BreakpointsForDimension11FirstPoint",
    "BreakpointsForDimension11Max",
    "BreakpointsForDimension11Min",
    "BreakpointsForDimension11Spacing",
    "BreakpointsForDimension12",
    "BreakpointsForDimension12DataTypeStr",
    "BreakpointsForDimension12FirstPoint",
    "BreakpointsForDimension12Max",
    "BreakpointsForDimension12Min",
    "BreakpointsForDimension12Spacing",
    "BreakpointsForDimension13",
    "BreakpointsForDimension13DataTypeStr",
    "BreakpointsForDimension13FirstPoint",
    "BreakpointsForDimension13Max",
    "BreakpointsForDimension13Min",
    "BreakpointsForDimension13Spacing",
    "BreakpointsForDimension14",
    "BreakpointsForDimension14DataTypeStr",
    "BreakpointsForDimension14FirstPoint",
    "BreakpointsForDimension14Max",
    "BreakpointsForDimension14Min",
    "BreakpointsForDimension14Spacing",
    "BreakpointsForDimension15",
    "BreakpointsForDimension15DataTypeStr",
    "BreakpointsForDimension15FirstPoint",
    "BreakpointsForDimension15Max",
    "BreakpointsForDimension15Min",
    "BreakpointsForDimension15Spacing",
    "BreakpointsForDimension16",
    "BreakpointsForDimension16DataTypeStr",
    "BreakpointsForDimension16FirstPoint",
    "BreakpointsForDimension16Max",
    "BreakpointsForDimension16Min",
    "BreakpointsForDimension16Spacing",
    "BreakpointsForDimension17",
    "BreakpointsForDimension17DataTypeStr",
    "BreakpointsForDimension17FirstPoint",
    "BreakpointsForDimension17Max",
    "BreakpointsForDimension17Min",
    "BreakpointsForDimension17Spacing",
    "BreakpointsForDimension18",
    "BreakpointsForDimension18DataTypeStr",
    "BreakpointsForDimension18FirstPoint",
    "BreakpointsForDimension18Max",
    "BreakpointsForDimension18Min",
    "BreakpointsForDimension18Spacing",
    "BreakpointsForDimension19",
    "BreakpointsForDimension19DataTypeStr",
    "BreakpointsForDimension19FirstPoint",
    "BreakpointsForDimension19Max",
    "BreakpointsForDimension19Min",
    "BreakpointsForDimension19Spacing",
    "BreakpointsForDimension1FirstPoint",
    "BreakpointsForDimension1Spacing",
    "BreakpointsForDimension2",
    "BreakpointsForDimension20",
    "BreakpointsForDimension20DataTypeStr",
    "BreakpointsForDimension20FirstPoint",
    "BreakpointsForDimension20Max",
    "BreakpointsForDimension20Min",
    "BreakpointsForDimension20Spacing",
    "BreakpointsForDimension21",
    "BreakpointsForDimension21DataTypeStr",
    "BreakpointsForDimension21FirstPoint",
    "BreakpointsForDimension21Max",
    "BreakpointsForDimension21Min",
    "BreakpointsForDimension21Spacing",
    "BreakpointsForDimension22",
    "BreakpointsForDimension22DataTypeStr",
    "BreakpointsForDimension22FirstPoint",
    "BreakpointsForDimension22Max",
    "BreakpointsForDimension22Min",
    "BreakpointsForDimension22Spacing",
    "BreakpointsForDimension23",
    "BreakpointsForDimension23DataTypeStr",
    "BreakpointsForDimension23FirstPoint",
    "BreakpointsForDimension23Max",
    "BreakpointsForDimension23Min",
    "BreakpointsForDimension23Spacing",
    "BreakpointsForDimension24",
    "BreakpointsForDimension24DataTypeStr",
    "BreakpointsForDimension24FirstPoint",
    "BreakpointsForDimension24Max",
    "BreakpointsForDimension24Min",
    "BreakpointsForDimension24Spacing",
    "BreakpointsForDimension25",
    "BreakpointsForDimension25DataTypeStr",
    "BreakpointsForDimension25FirstPoint",
    "BreakpointsForDimension25Max",
    "BreakpointsForDimension25Min",
    "BreakpointsForDimension25Spacing",
    "BreakpointsForDimension26",
    "BreakpointsForDimension26DataTypeStr",
    "BreakpointsForDimension26FirstPoint",
    "BreakpointsForDimension26Max",
    "BreakpointsForDimension26Min",
    "BreakpointsForDimension26Spacing",
    "BreakpointsForDimension27",
    "BreakpointsForDimension27DataTypeStr",
    "BreakpointsForDimension27FirstPoint",
    "BreakpointsForDimension27Max",
    "BreakpointsForDimension27Min",
    "BreakpointsForDimension27Spacing",
    "BreakpointsForDimension28",
    "BreakpointsForDimension28DataTypeStr",
    "BreakpointsForDimension28FirstPoint",
    "BreakpointsForDimension28Max",
    "BreakpointsForDimension28Min",
    "BreakpointsForDimension28Spacing",
    "BreakpointsForDimension29",
    "BreakpointsForDimension29DataTypeStr",
    "BreakpointsForDimension29FirstPoint",
    "BreakpointsForDimension29Max",
    "BreakpointsForDimension29Min",
    "BreakpointsForDimension29Spacing",
    "BreakpointsForDimension2DataTypeStr",
    "BreakpointsForDimension2FirstPoint",
    "BreakpointsForDimension2Max",
    "BreakpointsForDimension2Min",
    "BreakpointsForDimension2Spacing",
    "BreakpointsForDimension3",
    "BreakpointsForDimension30",
    "BreakpointsForDimension30DataTypeStr",
    "BreakpointsForDimension30FirstPoint",
    "BreakpointsForDimension30Max",
    "BreakpointsForDimension30Min",
    "BreakpointsForDimension30Spacing",
    "BreakpointsForDimension3DataTypeStr",
    "BreakpointsForDimension3FirstPoint",
    "BreakpointsForDimension3Max",
    "BreakpointsForDimension3Min",
    "BreakpointsForDimension3Spacing",
    "BreakpointsForDimension4",
    "BreakpointsForDimension4DataTypeStr",
    "BreakpointsForDimension4FirstPoint",
    "BreakpointsForDimension4Max",
    "BreakpointsForDimension4Min",
    "BreakpointsForDimension4Spacing",
    "BreakpointsForDimension5",
    "BreakpointsForDimension5DataTypeStr",
    "BreakpointsForDimension5FirstPoint",
    "BreakpointsForDimension5Max",
    "BreakpointsForDimension5Min",
    "BreakpointsForDimension5Spacing",
    "BreakpointsForDimension6",
    "BreakpointsForDimension6DataTypeStr",
    "BreakpointsForDimension6FirstPoint",
    "BreakpointsForDimension6Max",
    "BreakpointsForDimension6Min",
    "BreakpointsForDimension6Spacing",
    "BreakpointsForDimension7",
    "BreakpointsForDimension7DataTypeStr",
    "BreakpointsForDimension7FirstPoint",
    "BreakpointsForDimension7Max",
    "BreakpointsForDimension7Min",
    "BreakpointsForDimension7Spacing",
    "BreakpointsForDimension8",
    "BreakpointsForDimension8DataTypeStr",
    "BreakpointsForDimension8FirstPoint",
    "BreakpointsForDimension8Max",
    "BreakpointsForDimension8Min",
    "BreakpointsForDimension8Spacing",
    "BreakpointsForDimension9",
    "BreakpointsForDimension9DataTypeStr",
    "BreakpointsForDimension9FirstPoint",
    "BreakpointsForDimension9Max",
    "BreakpointsForDimension9Min",
    "BreakpointsForDimension9Spacing",
    "LookupTableObject",
    "MaximumIndicesForEachDimension",
    "SampleTime"
   ],
   "values":[
    "1",
    "Table and breakpoints",
    "Regen.k_regenFactorSpeedLookupTable",
    "Explicit values",
    "Regen.k_regenFactorSpeedBreakPoints",
    "Linear point-slope",
    "Clip",
    "off",
    "Binary search",
    "off",
    "None",
    "off",
    "off",
    "off",
    "Inherit: Same as output",
    "[]",
    "[]",
    "Inherit: Same as corresponding input",
    "[]",
    "[]",
    "Inherit: Inherit via internal rule",
    "Inherit: Same as output",
    "Inherit: Same as first input",
    "[]",
    "[]",
    "Speed",
    "on",
    "off",
    "Simplest",
    "off",
    "[1:3]",
    "Inherit: Same as corresponding input",
    "1",
    "[]",
    "[]",
    "1",
    "[1:3]",
    "Inherit: Same as corresponding input",
    "1",
    "[]",
    "[]",
    "1",
    "[1:3]",
    "Inherit: Same as corresponding input",
    "1",
    "[]",
    "[]",
    "1",
    "[1:3]",
    "Inherit: Same as corresponding input",
    "1",
    "[]",
    "[]",
    "1",
    "[1:3]",
    "Inherit: Same as corresponding input",
    "1",
    "[]",
    "[]",
    "1",
    "[1:3]",
    "Inherit: Same as corresponding input",
    "1",
    "[]",
    "[]",
    "1",
    "[1:3]",
    "Inherit: Same as corresponding input",
    "1",
    "[]",
    "[]",
    "1",
    "[1:3]",
    "Inherit: Same as corresponding input",
    "1",
    "[]",
    "[]",
    "1",
    "[1:3]",
    "Inherit: Same as corresponding input",
    "1",
    "[]",
    "[]",
    "1",
    "[1:3]",
    "Inherit: Same as corresponding input",
    "1",
    "[]",
    "[]",
    "1",
    "1",
    "1",
    "[10,22,31]",
    "[1:3]",
    "Inherit: Same as corresponding input",
    "1",
    "[]",
    "[]",
    "1",
    "[1:3]",
    "Inherit: Same as corresponding input",
    "1",
    "[]",
    "[]",
    "1",
    "[1:3]",
    "Inherit: Same as corresponding input",
    "1",
    "[]",
    "[]",
    "1",
    "[1:3]",
    "Inherit: Same as corresponding input",
    "1",
    "[]",
    "[]",
    "1",
    "[1:3]",
    "Inherit: Same as corresponding input",
    "1",
    "[]",
    "[]",
    "1",
    "[1:3]",
    "Inherit: Same as corresponding input",
    "1",
    "[]",
    "[]",
    "1",
    "[1:3]",
    "Inherit: Same as corresponding input",
    "1",
    "[]",
    "[]",
    "1",
    "[1:3]",
    "Inherit: Same as corresponding input",
    "1",
    "[]",
    "[]",
    "1",
    "[1:3]",
    "Inherit: Same as corresponding input",
    "1",
    "[]",
    "[]",
    "1",
    "[1:3]",
    "Inherit: Same as corresponding input",
    "1",
    "[]",
    "[]",
    "1",
    "Inherit: Same as corresponding input",
    "1",
    "[]",
    "[]",
    "1",
    "[1:3]",
    "[1:3]",
    "Inherit: Same as corresponding input",
    "1",
    "[]",
    "[]",
    "1",
    "Inherit: Same as corresponding input",
    "1",
    "[]",
    "[]",
    "1",
    "[1:3]",
    "Inherit: Same as corresponding input",
    "1",
    "[]",
    "[]",
    "1",
    "[1:3]",
    "Inherit: Same as corresponding input",
    "1",
    "[]",
    "[]",
    "1",
    "[1:3]",
    "Inherit: Same as corresponding input",
    "1",
    "[]",
    "[]",
    "1",
    "[1:3]",
    "Inherit: Same as corresponding input",
    "1",
    "[]",
    "[]",
    "1",
    "[1:3]",
    "Inherit: Same as corresponding input",
    "1",
    "[]",
    "[]",
    "1",
    "[1:3]",
    "Inherit: Same as corresponding input",
    "1",
    "[]",
    "[]",
    "1",
    "",
    "[]",
    "-1"
   ],
   "tabs":[
    "Table and Breakpoints",
    "Algorithm",
    "Data Types",
    "-Other"
   ],
   "tabs_idx":[
    0,
    5,
    14,
    30
   ]
  },
  "viewer":{
   "jshandler":"webview/handlers/ElementHandler"
  },
  "obj_viewer":[
  ],
  "finder":{
   "blocktype":"Lookup_n-D",
   "masktype":""
  }
 },
 {
  "sid":"Drive_Cycle_Sim:483",
  "className":"Simulink.Gain",
  "icon":"Drive_Cycle_Sim1",
  "name":"Gain",
  "label":"Gain",
  "parent":"Drive_Cycle_Sim:21",
  "inspector":{
   "params":[
    "Gain",
    "Multiplication",
    "OutMin",
    "OutMax",
    "OutDataTypeStr",
    "LockScale",
    "RndMeth",
    "SaturateOnIntegerOverflow",
    "ParamMin",
    "ParamMax",
    "ParamDataTypeStr",
    "SampleTime"
   ],
   "values":[
    "Regen.k_regenEnable",
    "Element-wise(K.*u)",
    "[]",
    "[]",
    "Inherit: Inherit via internal rule",
    "off",
    "Floor",
    "off",
    "[]",
    "[]",
    "Inherit: Inherit via internal rule",
    "-1"
   ],
   "tabs":[
    "Main",
    "Signal Attributes",
    "Parameter Attributes",
    "-Other"
   ],
   "tabs_idx":[
    0,
    2,
    8,
    11
   ]
  },
  "viewer":{
   "jshandler":"webview/handlers/ElementHandler"
  },
  "obj_viewer":[
  ],
  "finder":{
   "blocktype":"Gain",
   "masktype":""
  }
 },
 {
  "sid":"Drive_Cycle_Sim:485",
  "className":"Simulink.Product",
  "icon":"Drive_Cycle_Sim1",
  "name":"Product1",
  "label":"Product1",
  "parent":"Drive_Cycle_Sim:21",
  "inspector":{
   "params":[
    "Inputs",
    "Multiplication",
    "InputSameDT",
    "OutMin",
    "OutMax",
    "OutDataTypeStr",
    "LockScale",
    "RndMeth",
    "SaturateOnIntegerOverflow",
    "CollapseDim",
    "CollapseMode",
    "SampleTime"
   ],
   "values":[
    "2",
    "Element-wise(.*)",
    "off",
    "[]",
    "[]",
    "Inherit: Inherit via internal rule",
    "off",
    "Floor",
    "off",
    "1",
    "All dimensions",
    "-1"
   ],
   "tabs":[
    "Main",
    "Signal Attributes",
    "-Other"
   ],
   "tabs_idx":[
    0,
    2,
    9
   ]
  },
  "viewer":{
   "jshandler":"webview/handlers/ElementHandler"
  },
  "obj_viewer":[
  ],
  "finder":{
   "blocktype":"Product",
   "masktype":""
  }
 },
 {
  "sid":"Drive_Cycle_Sim:486",
  "className":"Simulink.Gain",
  "icon":"Drive_Cycle_Sim1",
  "name":"Gain1",
  "label":"Gain1",
  "parent":"Drive_Cycle_Sim:21",
  "inspector":{
   "params":[
    "Gain",
    "Multiplication",
    "OutMin",
    "OutMax",
    "OutDataTypeStr",
    "LockScale",
    "RndMeth",
    "SaturateOnIntegerOverflow",
    "ParamMin",
    "ParamMax",
    "ParamDataTypeStr",
    "SampleTime"
   ],
   "values":[
    "-1",
    "Element-wise(K.*u)",
    "[]",
    "[]",
    "Inherit: Inherit via internal rule",
    "off",
    "Floor",
    "off",
    "[]",
    "[]",
    "Inherit: Inherit via internal rule",
    "-1"
   ],
   "tabs":[
    "Main",
    "Signal Attributes",
    "Parameter Attributes",
    "-Other"
   ],
   "tabs_idx":[
    0,
    2,
    8,
    11
   ]
  },
  "viewer":{
   "jshandler":"webview/handlers/ElementHandler"
  },
  "obj_viewer":[
  ],
  "finder":{
   "blocktype":"Gain",
   "masktype":""
  }
 },
 {
  "sid":"Drive_Cycle_Sim:501",
  "className":"Simulink.Inport",
  "icon":"Drive_Cycle_Sim1",
  "name":"Speed",
  "label":"Speed",
  "parent":"Drive_Cycle_Sim:21",
  "inspector":{
   "params":[
    "Port",
    "IconDisplay",
    "LatchByDelayingOutsideSignal",
    "LatchInputForFeedbackSignals",
    "OutputFunctionCall",
    "OutMin",
    "OutMax",
    "OutDataTypeStr",
    "LockScale",
    "Unit",
    "PortDimensions",
    "VarSizeSig",
    "SampleTime",
    "SignalType",
    "BusOutputAsStruct",
    "InputConnect",
    "Interpolate"
   ],
   "values":[
    "4",
    "Port number",
    "off",
    "off",
    "off",
    "[]",
    "[]",
    "Inherit: auto",
    "off",
    "km/hr",
    "-1",
    "Inherit",
    "-1",
    "auto",
    "off",
    "",
    "on"
   ],
   "tabs":[
    "Main",
    "Signal Attributes",
    "-Other"
   ],
   "tabs_idx":[
    0,
    4,
    14
   ]
  },
  "viewer":{
   "jshandler":"webview/handlers/ElementHandler"
  },
  "obj_viewer":[
  ],
  "finder":{
   "blocktype":"Inport",
   "masktype":""
  }
 },
 {
  "sid":"Drive_Cycle_Sim:502",
  "className":"Simulink.Goto",
  "icon":"Drive_Cycle_Sim1",
  "name":"Goto",
  "label":"Goto",
  "parent":"Drive_Cycle_Sim:21",
  "inspector":{
   "params":[
    "GotoTag",
    "TagVisibility",
    "IconDisplay"
   ],
   "values":[
    "AccCmd",
    "local",
    "Tag"
   ],
   "tabs":[
    "Parameter Attributes"
   ],
   "tabs_idx":0
  },
  "viewer":{
   "jshandler":"webview/handlers/ElementLinkHandler",
   "destinations":[
    "Drive_Cycle_Sim:142"
   ]
  },
  "obj_viewer":[
  ],
  "finder":{
   "blocktype":"Goto",
   "masktype":""
  }
 },
 {
  "sid":"Drive_Cycle_Sim:35#out:1",
  "className":"Simulink.Line",
  "icon":"Drive_Cycle_Sim3",
  "name":"",
  "label":"",
  "parent":"Drive_Cycle_Sim:21",
  "inspector":{
   "params":[
    "SignalNameFromLabel",
    "MustResolveToSignal",
    "ShowPropagatedSignal",
    "DataLogging",
    "TestPoint",
    "SignalObjectPackage",
    "StorageClass",
    "Description",
    "documentLink"
   ],
   "values":[
    "",
    "off",
    "off",
    "off",
    "off",
    "Simulink",
    "Auto",
    "",
    ""
   ],
   "tabs":[
    "Parameter Attributes",
    "Logging and Accessibility",
    "Code Generation",
    "Documentation"
   ],
   "tabs_idx":[
    0,
    3,
    5,
    7
   ]
  },
  "viewer":{
   "jshandler":"webview/handlers/ElementHandler"
  },
  "obj_viewer":[
  ],
  "finder":[
  ]
 },
 {
  "sid":"Drive_Cycle_Sim:134#out:1",
  "className":"Simulink.Line",
  "icon":"Drive_Cycle_Sim3",
  "name":"",
  "label":"",
  "parent":"Drive_Cycle_Sim:21",
  "inspector":{
   "params":[
    "SignalNameFromLabel",
    "MustResolveToSignal",
    "ShowPropagatedSignal",
    "DataLogging",
    "TestPoint",
    "SignalObjectPackage",
    "StorageClass",
    "Description",
    "documentLink"
   ],
   "values":[
    "",
    "off",
    "off",
    "off",
    "off",
    "Simulink",
    "Auto",
    "",
    ""
   ],
   "tabs":[
    "Parameter Attributes",
    "Logging and Accessibility",
    "Code Generation",
    "Documentation"
   ],
   "tabs_idx":[
    0,
    3,
    5,
    7
   ]
  },
  "viewer":{
   "jshandler":"webview/handlers/ElementHandler"
  },
  "obj_viewer":[
  ],
  "finder":[
  ]
 },
 {
  "sid":"Drive_Cycle_Sim:139#out:1",
  "className":"Simulink.Line",
  "icon":"Drive_Cycle_Sim3",
  "name":"brakeTorque",
  "label":"brakeTorque",
  "parent":"Drive_Cycle_Sim:21",
  "inspector":{
   "params":[
    "SignalNameFromLabel",
    "MustResolveToSignal",
    "ShowPropagatedSignal",
    "DataLogging",
    "TestPoint",
    "SignalObjectPackage",
    "StorageClass",
    "Description",
    "documentLink"
   ],
   "values":[
    "brakeTorque",
    "off",
    "off",
    "on",
    "off",
    "Simulink",
    "Auto",
    "",
    ""
   ],
   "tabs":[
    "Parameter Attributes",
    "Logging and Accessibility",
    "Code Generation",
    "Documentation"
   ],
   "tabs_idx":[
    0,
    3,
    5,
    7
   ]
  },
  "viewer":{
   "jshandler":"webview/handlers/ElementHandler"
  },
  "obj_viewer":[
  ],
  "finder":[
  ]
 },
 {
  "sid":"Drive_Cycle_Sim:142#out:1",
  "className":"Simulink.Line",
  "icon":"Drive_Cycle_Sim3",
  "name":"",
  "label":"",
  "parent":"Drive_Cycle_Sim:21",
  "inspector":{
   "params":[
    "SignalNameFromLabel",
    "MustResolveToSignal",
    "ShowPropagatedSignal",
    "DataLogging",
    "TestPoint",
    "SignalObjectPackage",
    "StorageClass",
    "Description",
    "documentLink"
   ],
   "values":[
    "",
    "off",
    "off",
    "off",
    "off",
    "Simulink",
    "Auto",
    "",
    ""
   ],
   "tabs":[
    "Parameter Attributes",
    "Logging and Accessibility",
    "Code Generation",
    "Documentation"
   ],
   "tabs_idx":[
    0,
    3,
    5,
    7
   ]
  },
  "viewer":{
   "jshandler":"webview/handlers/ElementHandler"
  },
  "obj_viewer":[
  ],
  "finder":[
  ]
 },
 {
  "sid":"Drive_Cycle_Sim:138#out:1",
  "className":"Simulink.Line",
  "icon":"Drive_Cycle_Sim3",
  "name":"",
  "label":"",
  "parent":"Drive_Cycle_Sim:21",
  "inspector":{
   "params":[
    "SignalNameFromLabel",
    "MustResolveToSignal",
    "ShowPropagatedSignal",
    "DataLogging",
    "TestPoint",
    "SignalObjectPackage",
    "StorageClass",
    "Description",
    "documentLink"
   ],
   "values":[
    "",
    "off",
    "off",
    "off",
    "off",
    "Simulink",
    "Auto",
    "",
    ""
   ],
   "tabs":[
    "Parameter Attributes",
    "Logging and Accessibility",
    "Code Generation",
    "Documentation"
   ],
   "tabs_idx":[
    0,
    3,
    5,
    7
   ]
  },
  "viewer":{
   "jshandler":"webview/handlers/ElementHandler"
  },
  "obj_viewer":[
  ],
  "finder":[
  ]
 },
 {
  "sid":"Drive_Cycle_Sim:140#out:1",
  "className":"Simulink.Line",
  "icon":"Drive_Cycle_Sim3",
  "name":"TrqRqst",
  "label":"TrqRqst",
  "parent":"Drive_Cycle_Sim:21",
  "inspector":{
   "params":[
    "SignalNameFromLabel",
    "MustResolveToSignal",
    "ShowPropagatedSignal",
    "DataLogging",
    "TestPoint",
    "SignalObjectPackage",
    "StorageClass",
    "Description",
    "documentLink"
   ],
   "values":[
    "TrqRqst",
    "off",
    "off",
    "on",
    "off",
    "Simulink",
    "Auto",
    "",
    ""
   ],
   "tabs":[
    "Parameter Attributes",
    "Logging and Accessibility",
    "Code Generation",
    "Documentation"
   ],
   "tabs_idx":[
    0,
    3,
    5,
    7
   ]
  },
  "viewer":{
   "jshandler":"webview/handlers/ElementHandler"
  },
  "obj_viewer":[
  ],
  "finder":[
  ]
 },
 {
  "sid":"Drive_Cycle_Sim:132#out:1",
  "className":"Simulink.Line",
  "icon":"Drive_Cycle_Sim3",
  "name":"",
  "label":"",
  "parent":"Drive_Cycle_Sim:21",
  "inspector":{
   "params":[
    "SignalNameFromLabel",
    "MustResolveToSignal",
    "ShowPropagatedSignal",
    "DataLogging",
    "TestPoint",
    "SignalObjectPackage",
    "StorageClass",
    "Description",
    "documentLink"
   ],
   "values":[
    "",
    "off",
    "off",
    "off",
    "off",
    "Simulink",
    "Auto",
    "",
    ""
   ],
   "tabs":[
    "Parameter Attributes",
    "Logging and Accessibility",
    "Code Generation",
    "Documentation"
   ],
   "tabs_idx":[
    0,
    3,
    5,
    7
   ]
  },
  "viewer":{
   "jshandler":"webview/handlers/ElementHandler"
  },
  "obj_viewer":[
  ],
  "finder":[
  ]
 },
 {
  "sid":"Drive_Cycle_Sim:473#out:1",
  "className":"Simulink.Line",
  "icon":"Drive_Cycle_Sim3",
  "name":"",
  "label":"",
  "parent":"Drive_Cycle_Sim:21",
  "inspector":{
   "params":[
    "SignalNameFromLabel",
    "MustResolveToSignal",
    "ShowPropagatedSignal",
    "DataLogging",
    "TestPoint",
    "SignalObjectPackage",
    "StorageClass",
    "Description",
    "documentLink"
   ],
   "values":[
    "",
    "off",
    "off",
    "off",
    "off",
    "Simulink",
    "Auto",
    "",
    ""
   ],
   "tabs":[
    "Parameter Attributes",
    "Logging and Accessibility",
    "Code Generation",
    "Documentation"
   ],
   "tabs_idx":[
    0,
    3,
    5,
    7
   ]
  },
  "viewer":{
   "jshandler":"webview/handlers/ElementHandler"
  },
  "obj_viewer":[
  ],
  "finder":[
  ]
 },
 {
  "sid":"Drive_Cycle_Sim:485#out:1",
  "className":"Simulink.Line",
  "icon":"Drive_Cycle_Sim3",
  "name":"",
  "label":"",
  "parent":"Drive_Cycle_Sim:21",
  "inspector":{
   "params":[
    "SignalNameFromLabel",
    "MustResolveToSignal",
    "ShowPropagatedSignal",
    "DataLogging",
    "TestPoint",
    "SignalObjectPackage",
    "StorageClass",
    "Description",
    "documentLink"
   ],
   "values":[
    "",
    "off",
    "off",
    "off",
    "off",
    "Simulink",
    "Auto",
    "",
    ""
   ],
   "tabs":[
    "Parameter Attributes",
    "Logging and Accessibility",
    "Code Generation",
    "Documentation"
   ],
   "tabs_idx":[
    0,
    3,
    5,
    7
   ]
  },
  "viewer":{
   "jshandler":"webview/handlers/ElementHandler"
  },
  "obj_viewer":[
  ],
  "finder":[
  ]
 },
 {
  "sid":"Drive_Cycle_Sim:483#out:1",
  "className":"Simulink.Line",
  "icon":"Drive_Cycle_Sim3",
  "name":"regenFactor",
  "label":"regenFactor",
  "parent":"Drive_Cycle_Sim:21",
  "inspector":{
   "params":[
    "SignalNameFromLabel",
    "MustResolveToSignal",
    "ShowPropagatedSignal",
    "DataLogging",
    "TestPoint",
    "SignalObjectPackage",
    "StorageClass",
    "Description",
    "documentLink"
   ],
   "values":[
    "regenFactor",
    "off",
    "off",
    "on",
    "off",
    "Simulink",
    "Auto",
    "",
    ""
   ],
   "tabs":[
    "Parameter Attributes",
    "Logging and Accessibility",
    "Code Generation",
    "Documentation"
   ],
   "tabs_idx":[
    0,
    3,
    5,
    7
   ]
  },
  "viewer":{
   "jshandler":"webview/handlers/ElementHandler"
  },
  "obj_viewer":[
  ],
  "finder":[
  ]
 },
 {
  "sid":"Drive_Cycle_Sim:486#out:1",
  "className":"Simulink.Line",
  "icon":"Drive_Cycle_Sim3",
  "name":"",
  "label":"",
  "parent":"Drive_Cycle_Sim:21",
  "inspector":{
   "params":[
    "SignalNameFromLabel",
    "MustResolveToSignal",
    "ShowPropagatedSignal",
    "DataLogging",
    "TestPoint",
    "SignalObjectPackage",
    "StorageClass",
    "Description",
    "documentLink"
   ],
   "values":[
    "",
    "off",
    "off",
    "off",
    "off",
    "Simulink",
    "Auto",
    "",
    ""
   ],
   "tabs":[
    "Parameter Attributes",
    "Logging and Accessibility",
    "Code Generation",
    "Documentation"
   ],
   "tabs_idx":[
    0,
    3,
    5,
    7
   ]
  },
  "viewer":{
   "jshandler":"webview/handlers/ElementHandler"
  },
  "obj_viewer":[
  ],
  "finder":[
  ]
 },
 {
  "sid":"Drive_Cycle_Sim:36#out:1",
  "className":"Simulink.Line",
  "icon":"Drive_Cycle_Sim3",
  "name":"",
  "label":"",
  "parent":"Drive_Cycle_Sim:21",
  "inspector":{
   "params":[
    "SignalNameFromLabel",
    "MustResolveToSignal",
    "ShowPropagatedSignal",
    "DataLogging",
    "TestPoint",
    "SignalObjectPackage",
    "StorageClass",
    "Description",
    "documentLink"
   ],
   "values":[
    "",
    "off",
    "off",
    "off",
    "off",
    "Simulink",
    "Auto",
    "",
    ""
   ],
   "tabs":[
    "Parameter Attributes",
    "Logging and Accessibility",
    "Code Generation",
    "Documentation"
   ],
   "tabs_idx":[
    0,
    3,
    5,
    7
   ]
  },
  "viewer":{
   "jshandler":"webview/handlers/ElementHandler"
  },
  "obj_viewer":[
  ],
  "finder":[
  ]
 },
 {
  "sid":"Drive_Cycle_Sim:501#out:1",
  "className":"Simulink.Line",
  "icon":"Drive_Cycle_Sim3",
  "name":"",
  "label":"",
  "parent":"Drive_Cycle_Sim:21",
  "inspector":{
   "params":[
    "SignalNameFromLabel",
    "MustResolveToSignal",
    "ShowPropagatedSignal",
    "DataLogging",
    "TestPoint",
    "SignalObjectPackage",
    "StorageClass",
    "Description",
    "documentLink"
   ],
   "values":[
    "",
    "off",
    "off",
    "off",
    "off",
    "Simulink",
    "Auto",
    "",
    ""
   ],
   "tabs":[
    "Parameter Attributes",
    "Logging and Accessibility",
    "Code Generation",
    "Documentation"
   ],
   "tabs_idx":[
    0,
    3,
    5,
    7
   ]
  },
  "viewer":{
   "jshandler":"webview/handlers/ElementHandler"
  },
  "obj_viewer":[
  ],
  "finder":[
  ]
 }
]