[
 {
  "sid":"Drive_Cycle_Sim:463",
  "className":"Simulink.Annotation",
  "icon":"Drive_Cycle_Sim4",
  "name":"<!DOCTYPE HTML PUBLIC '-//W3C//DTD HTML 4.0//EN' 'http://www.w3.org/TR/REC-html40/strict.dtd'> <html> <head> <meta content=\"1\" name=\"qrichtext\"/> <style type=\"text/css\"> p, li { white-space: pre-wrap; } </style> </head> <body style=\" font-family:'Helvetica'; font-size:10px; font-weight:400; font-style:normal;\" align=\"left\"> <p style=\" margin-top:0px; margin-bottom:0px; margin-left:0px; margin-right:0px; -qt-block-indent:0; text-indent:0px;\" align=\"left\"> <math style=\"font-size:18px;\">$Power_{total} = V_{open-circuit}*I + I^2*R$</math> </p> </body> </html> ",
  "label":"<!DOCTYPE HTML PUBLIC '-//W3C//DTD HTML 4.0//EN' 'http://www.w3.org/TR/REC-html40/strict.dtd'> <html> <head> <meta content=\"1\" name=\"qrichtext\"/> <style type=\"text/css\"> p, li { white-space: pre-wrap; } </style> </head> <body style=\" font-family:'Helvetica'; font-size:10px; font-weight:400; font-style:normal;\" align=\"left\"> <p style=\" margin-top:0px; margin-bottom:0px; margin-left:0px; margin-right:0px; -qt-block-indent:0; text-indent:0px;\" align=\"left\"> <math style=\"font-size:18px;\">$Power_{total} = V_{open-circuit}*I + I^2*R$</math> </p> </body> </html> ",
  "parent":"Drive_Cycle_Sim:100",
  "inspector":{
   "params":[
    "Text",
    "DropShadow",
    "Interpreter",
    "FontName",
    "FontWeight",
    "FontSize",
    "FontAngle",
    "ForegroundColor",
    "BackgroundColor",
    "HorizontalAlignment",
    "UseDisplayTextAsClickCallback",
    "ClickFcn"
   ],
   "values":[
    "<!DOCTYPE HTML PUBLIC '-//W3C//DTD HTML 4.0//EN' 'http://www.w3.org/TR/REC-html40/strict.dtd'>\n<html>\n<head>\n<meta content=\"1\" name=\"qrichtext\"/>\n<style type=\"text/css\">\np, li { white-space: pre-wrap; }\n</style>\n</head>\n<body style=\" font-family:'Helvetica'; font-size:10px; font-weight:400; font-style:normal;\" align=\"left\">\n<p style=\" margin-top:0px; margin-bottom:0px; margin-left:0px; margin-right:0px; -qt-block-indent:0; text-indent:0px;\" align=\"left\">\n<math style=\"font-size:18px;\">$Power_{total} = V_{open-circuit}*I + I^2*R$</math>\n</p>\n</body>\n</html>\n",
    "off",
    "rich",
    "auto",
    "auto",
    -1,
    "auto",
    "black",
    "white",
    "left",
    "off",
    ""
   ],
   "tabs":[
   ],
   "tabs_idx":[
   ]
  },
  "viewer":{
   "jshandler":"webview/handlers/ElementHandler"
  },
  "obj_viewer":[
  ],
  "finder":[
  ]
 },
 {
  "sid":"Drive_Cycle_Sim:462",
  "className":"Simulink.Annotation",
  "icon":"Drive_Cycle_Sim4",
  "name":"<!DOCTYPE HTML PUBLIC '-//W3C//DTD HTML 4.0//EN' 'http://www.w3.org/TR/REC-html40/strict.dtd'> <html> <head> <meta content=\"1\" name=\"qrichtext\"/> <style type=\"text/css\"> p, li { white-space: pre-wrap; } </style> </head> <body style=\" font-family:'Helvetica'; font-size:10px; font-weight:400; font-style:normal;\" align=\"left\"> <p style=\" margin-top:0px; margin-bottom:0px; margin-left:0px; margin-right:0px; -qt-block-indent:0; text-indent:0px;\" align=\"left\"> <math style=\"font-size:18px;\">$V_{terminal}= V_{open-circuit}-I*R$</math> </p> </body> </html> ",
  "label":"<!DOCTYPE HTML PUBLIC '-//W3C//DTD HTML 4.0//EN' 'http://www.w3.org/TR/REC-html40/strict.dtd'> <html> <head> <meta content=\"1\" name=\"qrichtext\"/> <style type=\"text/css\"> p, li { white-space: pre-wrap; } </style> </head> <body style=\" font-family:'Helvetica'; font-size:10px; font-weight:400; font-style:normal;\" align=\"left\"> <p style=\" margin-top:0px; margin-bottom:0px; margin-left:0px; margin-right:0px; -qt-block-indent:0; text-indent:0px;\" align=\"left\"> <math style=\"font-size:18px;\">$V_{terminal}= V_{open-circuit}-I*R$</math> </p> </body> </html> ",
  "parent":"Drive_Cycle_Sim:100",
  "inspector":{
   "params":[
    "Text",
    "DropShadow",
    "Interpreter",
    "FontName",
    "FontWeight",
    "FontSize",
    "FontAngle",
    "ForegroundColor",
    "BackgroundColor",
    "HorizontalAlignment",
    "UseDisplayTextAsClickCallback",
    "ClickFcn"
   ],
   "values":[
    "<!DOCTYPE HTML PUBLIC '-//W3C//DTD HTML 4.0//EN' 'http://www.w3.org/TR/REC-html40/strict.dtd'>\n<html>\n<head>\n<meta content=\"1\" name=\"qrichtext\"/>\n<style type=\"text/css\">\np, li { white-space: pre-wrap; }\n</style>\n</head>\n<body style=\" font-family:'Helvetica'; font-size:10px; font-weight:400; font-style:normal;\" align=\"left\">\n<p style=\" margin-top:0px; margin-bottom:0px; margin-left:0px; margin-right:0px; -qt-block-indent:0; text-indent:0px;\" align=\"left\">\n<math style=\"font-size:18px;\">$V_{terminal}= V_{open-circuit}-I*R$</math>\n</p>\n</body>\n</html>\n",
    "off",
    "rich",
    "auto",
    "auto",
    -1,
    "auto",
    "black",
    "white",
    "left",
    "off",
    ""
   ],
   "tabs":[
   ],
   "tabs_idx":[
   ]
  },
  "viewer":{
   "jshandler":"webview/handlers/ElementHandler"
  },
  "obj_viewer":[
  ],
  "finder":[
  ]
 },
 {
  "sid":"Drive_Cycle_Sim:102",
  "className":"Simulink.Outport",
  "icon":"Drive_Cycle_Sim1",
  "name":"Voltage",
  "label":"Voltage",
  "parent":"Drive_Cycle_Sim:100",
  "inspector":{
   "params":[
    "Port",
    "IconDisplay",
    "OutMin",
    "OutMax",
    "OutDataTypeStr",
    "LockScale",
    "Unit",
    "PortDimensions",
    "VarSizeSig",
    "SampleTime",
    "SignalType",
    "BusOutputAsStruct",
    "EnsureOutportIsVirtual",
    "InitialOutput",
    "MustResolveToSignalObject",
    "OutputWhenDisabled",
    "OutputWhenUnConnected",
    "OutputWhenUnconnectedValue",
    "SignalName",
    "SignalObject",
    "SourceOfInitialOutputValue",
    "StorageClass",
    "VectorParamsAs1DForOutWhenUnconnected"
   ],
   "values":[
    "1",
    "Port number",
    "[]",
    "[]",
    "Inherit: auto",
    "off",
    "V",
    "-1",
    "Inherit",
    "-1",
    "auto",
    "off",
    "off",
    "[]",
    "off",
    "held",
    "off",
    "0",
    "",
    [
    ],
    "Dialog",
    "Auto",
    "on"
   ],
   "tabs":[
    "Main",
    "Signal Attributes",
    "-Other"
   ],
   "tabs_idx":[
    0,
    2,
    11
   ]
  },
  "viewer":{
   "jshandler":"webview/handlers/ElementHandler"
  },
  "obj_viewer":[
  ],
  "finder":{
   "blocktype":"Outport",
   "masktype":""
  }
 },
 {
  "sid":"Drive_Cycle_Sim:101",
  "className":"Simulink.Inport",
  "icon":"Drive_Cycle_Sim1",
  "name":"MotorPower",
  "label":"MotorPower",
  "parent":"Drive_Cycle_Sim:100",
  "inspector":{
   "params":[
    "Port",
    "IconDisplay",
    "LatchByDelayingOutsideSignal",
    "LatchInputForFeedbackSignals",
    "OutputFunctionCall",
    "OutMin",
    "OutMax",
    "OutDataTypeStr",
    "LockScale",
    "Unit",
    "PortDimensions",
    "VarSizeSig",
    "SampleTime",
    "SignalType",
    "BusOutputAsStruct",
    "InputConnect",
    "Interpolate"
   ],
   "values":[
    "1",
    "Port number",
    "off",
    "off",
    "off",
    "[]",
    "[]",
    "Inherit: auto",
    "off",
    "W",
    "-1",
    "Inherit",
    "-1",
    "auto",
    "off",
    "",
    "on"
   ],
   "tabs":[
    "Main",
    "Signal Attributes",
    "-Other"
   ],
   "tabs_idx":[
    0,
    4,
    14
   ]
  },
  "viewer":{
   "jshandler":"webview/handlers/ElementHandler"
  },
  "obj_viewer":[
  ],
  "finder":{
   "blocktype":"Inport",
   "masktype":""
  }
 },
 {
  "sid":"Drive_Cycle_Sim:215",
  "className":"Simulink.Lookup_nD",
  "icon":"Drive_Cycle_Sim1",
  "name":"SOC to Voltage",
  "label":"SOC to Voltage",
  "parent":"Drive_Cycle_Sim:100",
  "inspector":{
   "params":[
    "NumberOfTableDimensions",
    "DataSpecification",
    "Table",
    "BreakpointsSpecification",
    "BreakpointsForDimension1",
    "InterpMethod",
    "ExtrapMethod",
    "UseLastTableValue",
    "IndexSearchMethod",
    "BeginIndexSearchUsingPreviousIndexResult",
    "DiagnosticForOutOfRangeInput",
    "UseOneInputPortForAllInputData",
    "RemoveProtectionInput",
    "SupportTunableTableSize",
    "TableDataTypeStr",
    "TableMin",
    "TableMax",
    "BreakpointsForDimension1DataTypeStr",
    "BreakpointsForDimension1Min",
    "BreakpointsForDimension1Max",
    "FractionDataTypeStr",
    "IntermediateResultsDataTypeStr",
    "OutDataTypeStr",
    "OutMin",
    "OutMax",
    "InternalRulePriority",
    "InputSameDT",
    "LockScale",
    "RndMeth",
    "SaturateOnIntegerOverflow",
    "BreakpointsForDimension10",
    "BreakpointsForDimension10DataTypeStr",
    "BreakpointsForDimension10FirstPoint",
    "BreakpointsForDimension10Max",
    "BreakpointsForDimension10Min",
    "BreakpointsForDimension10Spacing",
    "BreakpointsForDimension11",
    "BreakpointsForDimension11DataTypeStr",
    "BreakpointsForDimension11FirstPoint",
    "BreakpointsForDimension11Max",
    "BreakpointsForDimension11Min",
    "BreakpointsForDimension11Spacing",
    "BreakpointsForDimension12",
    "BreakpointsForDimension12DataTypeStr",
    "BreakpointsForDimension12FirstPoint",
    "BreakpointsForDimension12Max",
    "BreakpointsForDimension12Min",
    "BreakpointsForDimension12Spacing",
    "BreakpointsForDimension13",
    "BreakpointsForDimension13DataTypeStr",
    "BreakpointsForDimension13FirstPoint",
    "BreakpointsForDimension13Max",
    "BreakpointsForDimension13Min",
    "BreakpointsForDimension13Spacing",
    "BreakpointsForDimension14",
    "BreakpointsForDimension14DataTypeStr",
    "BreakpointsForDimension14FirstPoint",
    "BreakpointsForDimension14Max",
    "BreakpointsForDimension14Min",
    "BreakpointsForDimension14Spacing",
    "BreakpointsForDimension15",
    "BreakpointsForDimension15DataTypeStr",
    "BreakpointsForDimension15FirstPoint",
    "BreakpointsForDimension15Max",
    "BreakpointsForDimension15Min",
    "BreakpointsForDimension15Spacing",
    "BreakpointsForDimension16",
    "BreakpointsForDimension16DataTypeStr",
    "BreakpointsForDimension16FirstPoint",
    "BreakpointsForDimension16Max",
    "BreakpointsForDimension16Min",
    "BreakpointsForDimension16Spacing",
    "BreakpointsForDimension17",
    "BreakpointsForDimension17DataTypeStr",
    "BreakpointsForDimension17FirstPoint",
    "BreakpointsForDimension17Max",
    "BreakpointsForDimension17Min",
    "BreakpointsForDimension17Spacing",
    "BreakpointsForDimension18",
    "BreakpointsForDimension18DataTypeStr",
    "BreakpointsForDimension18FirstPoint",
    "BreakpointsForDimension18Max",
    "BreakpointsForDimension18Min",
    "BreakpointsForDimension18Spacing",
    "BreakpointsForDimension19",
    "BreakpointsForDimension19DataTypeStr",
    "BreakpointsForDimension19FirstPoint",
    "BreakpointsForDimension19Max",
    "BreakpointsForDimension19Min",
    "BreakpointsForDimension19Spacing",
    "BreakpointsForDimension1FirstPoint",
    "BreakpointsForDimension1Spacing",
    "BreakpointsForDimension2",
    "BreakpointsForDimension20",
    "BreakpointsForDimension20DataTypeStr",
    "BreakpointsForDimension20FirstPoint",
    "BreakpointsForDimension20Max",
    "BreakpointsForDimension20Min",
    "BreakpointsForDimension20Spacing",
    "BreakpointsForDimension21",
    "BreakpointsForDimension21DataTypeStr",
    "BreakpointsForDimension21FirstPoint",
    "BreakpointsForDimension21Max",
    "BreakpointsForDimension21Min",
    "BreakpointsForDimension21Spacing",
    "BreakpointsForDimension22",
    "BreakpointsForDimension22DataTypeStr",
    "BreakpointsForDimension22FirstPoint",
    "BreakpointsForDimension22Max",
    "BreakpointsForDimension22Min",
    "BreakpointsForDimension22Spacing",
    "BreakpointsForDimension23",
    "BreakpointsForDimension23DataTypeStr",
    "BreakpointsForDimension23FirstPoint",
    "BreakpointsForDimension23Max",
    "BreakpointsForDimension23Min",
    "BreakpointsForDimension23Spacing",
    "BreakpointsForDimension24",
    "BreakpointsForDimension24DataTypeStr",
    "BreakpointsForDimension24FirstPoint",
    "BreakpointsForDimension24Max",
    "BreakpointsForDimension24Min",
    "BreakpointsForDimension24Spacing",
    "BreakpointsForDimension25",
    "BreakpointsForDimension25DataTypeStr",
    "BreakpointsForDimension25FirstPoint",
    "BreakpointsForDimension25Max",
    "BreakpointsForDimension25Min",
    "BreakpointsForDimension25Spacing",
    "BreakpointsForDimension26",
    "BreakpointsForDimension26DataTypeStr",
    "BreakpointsForDimension26FirstPoint",
    "BreakpointsForDimension26Max",
    "BreakpointsForDimension26Min",
    "BreakpointsForDimension26Spacing",
    "BreakpointsForDimension27",
    "BreakpointsForDimension27DataTypeStr",
    "BreakpointsForDimension27FirstPoint",
    "BreakpointsForDimension27Max",
    "BreakpointsForDimension27Min",
    "BreakpointsForDimension27Spacing",
    "BreakpointsForDimension28",
    "BreakpointsForDimension28DataTypeStr",
    "BreakpointsForDimension28FirstPoint",
    "BreakpointsForDimension28Max",
    "BreakpointsForDimension28Min",
    "BreakpointsForDimension28Spacing",
    "BreakpointsForDimension29",
    "BreakpointsForDimension29DataTypeStr",
    "BreakpointsForDimension29FirstPoint",
    "BreakpointsForDimension29Max",
    "BreakpointsForDimension29Min",
    "BreakpointsForDimension29Spacing",
    "BreakpointsForDimension2DataTypeStr",
    "BreakpointsForDimension2FirstPoint",
    "BreakpointsForDimension2Max",
    "BreakpointsForDimension2Min",
    "BreakpointsForDimension2Spacing",
    "BreakpointsForDimension3",
    "BreakpointsForDimension30",
    "BreakpointsForDimension30DataTypeStr",
    "BreakpointsForDimension30FirstPoint",
    "BreakpointsForDimension30Max",
    "BreakpointsForDimension30Min",
    "BreakpointsForDimension30Spacing",
    "BreakpointsForDimension3DataTypeStr",
    "BreakpointsForDimension3FirstPoint",
    "BreakpointsForDimension3Max",
    "BreakpointsForDimension3Min",
    "BreakpointsForDimension3Spacing",
    "BreakpointsForDimension4",
    "BreakpointsForDimension4DataTypeStr",
    "BreakpointsForDimension4FirstPoint",
    "BreakpointsForDimension4Max",
    "BreakpointsForDimension4Min",
    "BreakpointsForDimension4Spacing",
    "BreakpointsForDimension5",
    "BreakpointsForDimension5DataTypeStr",
    "BreakpointsForDimension5FirstPoint",
    "BreakpointsForDimension5Max",
    "BreakpointsForDimension5Min",
    "BreakpointsForDimension5Spacing",
    "BreakpointsForDimension6",
    "BreakpointsForDimension6DataTypeStr",
    "BreakpointsForDimension6FirstPoint",
    "BreakpointsForDimension6Max",
    "BreakpointsForDimension6Min",
    "BreakpointsForDimension6Spacing",
    "BreakpointsForDimension7",
    "BreakpointsForDimension7DataTypeStr",
    "BreakpointsForDimension7FirstPoint",
    "BreakpointsForDimension7Max",
    "BreakpointsForDimension7Min",
    "BreakpointsForDimension7Spacing",
    "BreakpointsForDimension8",
    "BreakpointsForDimension8DataTypeStr",
    "BreakpointsForDimension8FirstPoint",
    "BreakpointsForDimension8Max",
    "BreakpointsForDimension8Min",
    "BreakpointsForDimension8Spacing",
    "BreakpointsForDimension9",
    "BreakpointsForDimension9DataTypeStr",
    "BreakpointsForDimension9FirstPoint",
    "BreakpointsForDimension9Max",
    "BreakpointsForDimension9Min",
    "BreakpointsForDimension9Spacing",
    "LookupTableObject",
    "MaximumIndicesForEachDimension",
    "SampleTime"
   ],
   "values":[
    "1",
    "Table and breakpoints",
    "Accumulator.k_cellOpenVoltageLookupTable",
    "Explicit values",
    "Accumulator.k_cellSOCBreakPoints",
    "Linear point-slope",
    "Clip",
    "off",
    "Binary search",
    "off",
    "None",
    "off",
    "off",
    "off",
    "Inherit: Same as output",
    "[]",
    "[]",
    "Inherit: Same as corresponding input",
    "[]",
    "[]",
    "Inherit: Inherit via internal rule",
    "Inherit: Same as output",
    "Inherit: Same as first input",
    "[]",
    "[]",
    "Speed",
    "on",
    "off",
    "Simplest",
    "off",
    "[1:3]",
    "Inherit: Same as corresponding input",
    "1",
    "[]",
    "[]",
    "1",
    "[1:3]",
    "Inherit: Same as corresponding input",
    "1",
    "[]",
    "[]",
    "1",
    "[1:3]",
    "Inherit: Same as corresponding input",
    "1",
    "[]",
    "[]",
    "1",
    "[1:3]",
    "Inherit: Same as corresponding input",
    "1",
    "[]",
    "[]",
    "1",
    "[1:3]",
    "Inherit: Same as corresponding input",
    "1",
    "[]",
    "[]",
    "1",
    "[1:3]",
    "Inherit: Same as corresponding input",
    "1",
    "[]",
    "[]",
    "1",
    "[1:3]",
    "Inherit: Same as corresponding input",
    "1",
    "[]",
    "[]",
    "1",
    "[1:3]",
    "Inherit: Same as corresponding input",
    "1",
    "[]",
    "[]",
    "1",
    "[1:3]",
    "Inherit: Same as corresponding input",
    "1",
    "[]",
    "[]",
    "1",
    "[1:3]",
    "Inherit: Same as corresponding input",
    "1",
    "[]",
    "[]",
    "1",
    "1",
    "1",
    "[10,22,31]",
    "[1:3]",
    "Inherit: Same as corresponding input",
    "1",
    "[]",
    "[]",
    "1",
    "[1:3]",
    "Inherit: Same as corresponding input",
    "1",
    "[]",
    "[]",
    "1",
    "[1:3]",
    "Inherit: Same as corresponding input",
    "1",
    "[]",
    "[]",
    "1",
    "[1:3]",
    "Inherit: Same as corresponding input",
    "1",
    "[]",
    "[]",
    "1",
    "[1:3]",
    "Inherit: Same as corresponding input",
    "1",
    "[]",
    "[]",
    "1",
    "[1:3]",
    "Inherit: Same as corresponding input",
    "1",
    "[]",
    "[]",
    "1",
    "[1:3]",
    "Inherit: Same as corresponding input",
    "1",
    "[]",
    "[]",
    "1",
    "[1:3]",
    "Inherit: Same as corresponding input",
    "1",
    "[]",
    "[]",
    "1",
    "[1:3]",
    "Inherit: Same as corresponding input",
    "1",
    "[]",
    "[]",
    "1",
    "[1:3]",
    "Inherit: Same as corresponding input",
    "1",
    "[]",
    "[]",
    "1",
    "Inherit: Same as corresponding input",
    "1",
    "[]",
    "[]",
    "1",
    "[1:3]",
    "[1:3]",
    "Inherit: Same as corresponding input",
    "1",
    "[]",
    "[]",
    "1",
    "Inherit: Same as corresponding input",
    "1",
    "[]",
    "[]",
    "1",
    "[1:3]",
    "Inherit: Same as corresponding input",
    "1",
    "[]",
    "[]",
    "1",
    "[1:3]",
    "Inherit: Same as corresponding input",
    "1",
    "[]",
    "[]",
    "1",
    "[1:3]",
    "Inherit: Same as corresponding input",
    "1",
    "[]",
    "[]",
    "1",
    "[1:3]",
    "Inherit: Same as corresponding input",
    "1",
    "[]",
    "[]",
    "1",
    "[1:3]",
    "Inherit: Same as corresponding input",
    "1",
    "[]",
    "[]",
    "1",
    "[1:3]",
    "Inherit: Same as corresponding input",
    "1",
    "[]",
    "[]",
    "1",
    "",
    "[]",
    "-1"
   ],
   "tabs":[
    "Table and Breakpoints",
    "Algorithm",
    "Data Types",
    "-Other"
   ],
   "tabs_idx":[
    0,
    5,
    14,
    30
   ]
  },
  "viewer":{
   "jshandler":"webview/handlers/ElementHandler"
  },
  "obj_viewer":[
  ],
  "finder":{
   "blocktype":"Lookup_n-D",
   "masktype":""
  }
 },
 {
  "sid":"Drive_Cycle_Sim:216",
  "className":"Simulink.Sum",
  "icon":"Drive_Cycle_Sim1",
  "name":"Add",
  "label":"Add",
  "parent":"Drive_Cycle_Sim:100",
  "inspector":{
   "params":[
    "IconShape",
    "Inputs",
    "InputSameDT",
    "AccumDataTypeStr",
    "OutMin",
    "OutMax",
    "OutDataTypeStr",
    "LockScale",
    "RndMeth",
    "SaturateOnIntegerOverflow",
    "CollapseDim",
    "CollapseMode",
    "SampleTime"
   ],
   "values":[
    "rectangular",
    "+-",
    "off",
    "Inherit: Inherit via internal rule",
    "[]",
    "[]",
    "Inherit: Inherit via internal rule",
    "off",
    "Floor",
    "off",
    "1",
    "All dimensions",
    "-1"
   ],
   "tabs":[
    "Main",
    "Signal Attributes",
    "-Other"
   ],
   "tabs_idx":[
    0,
    2,
    10
   ]
  },
  "viewer":{
   "jshandler":"webview/handlers/ElementHandler"
  },
  "obj_viewer":[
  ],
  "finder":{
   "blocktype":"Sum",
   "masktype":""
  }
 },
 {
  "sid":"Drive_Cycle_Sim:217",
  "className":"Simulink.Integrator",
  "icon":"Drive_Cycle_Sim1",
  "name":"Integrator",
  "label":"Integrator",
  "parent":"Drive_Cycle_Sim:100",
  "inspector":{
   "params":[
    "ExternalReset",
    "InitialConditionSource",
    "InitialCondition",
    "LimitOutput",
    "WrapState",
    "ShowSaturationPort",
    "ShowStatePort",
    "AbsoluteTolerance",
    "IgnoreLimit",
    "ZeroCross",
    "ContinuousStateAttributes",
    "LowerSaturationLimit",
    "UpperSaturationLimit",
    "WrappedStateLowerValue",
    "WrappedStateUpperValue"
   ],
   "values":[
    "none",
    "internal",
    "Accumulator.k_initialCellCapacity",
    "off",
    "off",
    "off",
    "off",
    "auto",
    "off",
    "on",
    "''",
    "-inf",
    "inf",
    "-pi",
    "pi"
   ],
   "tabs":[
    "Parameter Attributes",
    "-Other"
   ],
   "tabs_idx":[
    0,
    11
   ]
  },
  "viewer":{
   "jshandler":"webview/handlers/ElementHandler"
  },
  "obj_viewer":[
  ],
  "finder":{
   "blocktype":"Integrator",
   "masktype":""
  }
 },
 {
  "sid":"Drive_Cycle_Sim:221",
  "className":"Simulink.Math",
  "icon":"Drive_Cycle_Sim1",
  "name":"Math Function",
  "label":"Math Function",
  "parent":"Drive_Cycle_Sim:100",
  "inspector":{
   "params":[
    "Operator",
    "OutputSignalType",
    "OutMin",
    "OutMax",
    "OutDataTypeStr",
    "LockScale",
    "RndMeth",
    "SaturateOnIntegerOverflow",
    "AlgorithmType",
    "IntermediateResultsDataTypeStr",
    "Iterations",
    "SampleTime",
    "SignedPower"
   ],
   "values":[
    "square",
    "auto",
    "[]",
    "[]",
    "Inherit: Same as first input",
    "off",
    "Floor",
    "on",
    "Newton-Raphson",
    "Inherit: Inherit via internal rule",
    "3",
    "-1",
    "off"
   ],
   "tabs":[
    "Main",
    "Signal Attributes",
    "-Other"
   ],
   "tabs_idx":[
    0,
    2,
    8
   ]
  },
  "viewer":{
   "jshandler":"webview/handlers/ElementHandler"
  },
  "obj_viewer":[
  ],
  "finder":{
   "blocktype":"Math",
   "masktype":""
  }
 },
 {
  "sid":"Drive_Cycle_Sim:218",
  "className":"Simulink.Gain",
  "icon":"Drive_Cycle_Sim1",
  "name":"Gain1",
  "label":"Gain1",
  "parent":"Drive_Cycle_Sim:100",
  "inspector":{
   "params":[
    "Gain",
    "Multiplication",
    "OutMin",
    "OutMax",
    "OutDataTypeStr",
    "LockScale",
    "RndMeth",
    "SaturateOnIntegerOverflow",
    "ParamMin",
    "ParamMax",
    "ParamDataTypeStr",
    "SampleTime"
   ],
   "values":[
    "-1",
    "Element-wise(K.*u)",
    "[]",
    "[]",
    "Inherit: Inherit via internal rule",
    "off",
    "Floor",
    "off",
    "[]",
    "[]",
    "Inherit: Inherit via internal rule",
    "-1"
   ],
   "tabs":[
    "Main",
    "Signal Attributes",
    "Parameter Attributes",
    "-Other"
   ],
   "tabs_idx":[
    0,
    2,
    8,
    11
   ]
  },
  "viewer":{
   "jshandler":"webview/handlers/ElementHandler"
  },
  "obj_viewer":[
  ],
  "finder":{
   "blocktype":"Gain",
   "masktype":""
  }
 },
 {
  "sid":"Drive_Cycle_Sim:266",
  "className":"Simulink.Gain",
  "icon":"Drive_Cycle_Sim1",
  "name":"Gain5",
  "label":"Gain5",
  "parent":"Drive_Cycle_Sim:100",
  "inspector":{
   "params":[
    "Gain",
    "Multiplication",
    "OutMin",
    "OutMax",
    "OutDataTypeStr",
    "LockScale",
    "RndMeth",
    "SaturateOnIntegerOverflow",
    "ParamMin",
    "ParamMax",
    "ParamDataTypeStr",
    "SampleTime"
   ],
   "values":[
    "1/Accumulator.k_cellCapacity",
    "Element-wise(K.*u)",
    "[]",
    "[]",
    "Inherit: Inherit via internal rule",
    "off",
    "Floor",
    "off",
    "[]",
    "[]",
    "Inherit: Inherit via internal rule",
    "-1"
   ],
   "tabs":[
    "Main",
    "Signal Attributes",
    "Parameter Attributes",
    "-Other"
   ],
   "tabs_idx":[
    0,
    2,
    8,
    11
   ]
  },
  "viewer":{
   "jshandler":"webview/handlers/ElementHandler"
  },
  "obj_viewer":[
  ],
  "finder":{
   "blocktype":"Gain",
   "masktype":""
  }
 },
 {
  "sid":"Drive_Cycle_Sim:308",
  "className":"Simulink.SubSystem",
  "icon":"Drive_Cycle_Sim2",
  "name":"Current Calculation",
  "label":"Current Calculation",
  "parent":"Drive_Cycle_Sim:100",
  "inspector":{
   "params":[
    "ShowPortLabels",
    "Permissions",
    "ErrorFcn",
    "PermitHierarchicalResolution",
    "TreatAsAtomicUnit",
    "TreatAsGroupedWhenPropagatingVariantConditions",
    "RTWSystemCode",
    "ReferencedSubsystem",
    "AllowZeroVariantControls",
    "AutoFrameSizeCalculation",
    "BlockChoice",
    "CompiledActiveChoiceBlock",
    "CompiledActiveChoiceControl",
    "ExecutionDomainType",
    "FunctionInterfaceSpec",
    "FunctionWithSeparateData",
    "GeneratePreprocessorConditionals",
    "IsSubsystemVirtual",
    "LabelModeActiveChoice",
    "Latency",
    "MemberBlocks",
    "MinAlgLoopOccurrences",
    "PartitionName",
    "PropagateVariantConditions",
    "RTWFcnName",
    "RTWFcnNameOpts",
    "RTWFileName",
    "RTWFileNameOpts",
    "RTWMemSecDataConstants",
    "RTWMemSecDataInternal",
    "RTWMemSecDataParameters",
    "RTWMemSecFuncExecute",
    "RTWMemSecFuncInitTerm",
    "ScheduleAs",
    "SetExecutionDomain",
    "SystemSampleTime",
    "TemplateBlock",
    "Variant",
    "VariantControl",
    "VariantControlMode"
   ],
   "values":[
    "FromPortIcon",
    "ReadWrite",
    "",
    "All",
    "off",
    "on",
    "Auto",
    "",
    "off",
    "off",
    "",
    "",
    "",
    "Deduce",
    "void_void",
    "off",
    "off",
    "on",
    "",
    "0",
    "",
    "off",
    "",
    "off",
    "",
    "Auto",
    "",
    "Auto",
    "Inherit from model",
    "Inherit from model",
    "Inherit from model",
    "Inherit from model",
    "Inherit from model",
    "Sample time",
    "off",
    "-1",
    "",
    "off",
    "",
    "Expression"
   ],
   "tabs":[
    "Main",
    "Code Generation",
    "Subsystem Reference",
    "-Other"
   ],
   "tabs_idx":[
    0,
    6,
    7,
    8
   ]
  },
  "viewer":{
   "jshandler":"webview/handlers/ElementHandler"
  },
  "obj_viewer":[
  ],
  "finder":{
   "blocktype":"SubSystem",
   "masktype":""
  }
 },
 {
  "sid":"Drive_Cycle_Sim:325",
  "className":"Simulink.From",
  "icon":"Drive_Cycle_Sim1",
  "name":"From",
  "label":"From",
  "parent":"Drive_Cycle_Sim:100",
  "inspector":{
   "params":[
    "GotoTag",
    "IconDisplay"
   ],
   "values":[
    "Voc",
    "Tag"
   ],
   "tabs":[
    "Parameter Attributes"
   ],
   "tabs_idx":0
  },
  "viewer":{
   "jshandler":"webview/handlers/ElementLinkHandler",
   "destinations":[
    "Drive_Cycle_Sim:307"
   ]
  },
  "obj_viewer":[
  ],
  "finder":{
   "blocktype":"From",
   "masktype":""
  }
 },
 {
  "sid":"Drive_Cycle_Sim:343",
  "className":"Simulink.Outport",
  "icon":"Drive_Cycle_Sim1",
  "name":"Voltage Open Circuit",
  "label":"Voltage Open Circuit",
  "parent":"Drive_Cycle_Sim:100",
  "inspector":{
   "params":[
    "Port",
    "IconDisplay",
    "OutMin",
    "OutMax",
    "OutDataTypeStr",
    "LockScale",
    "Unit",
    "PortDimensions",
    "VarSizeSig",
    "SampleTime",
    "SignalType",
    "BusOutputAsStruct",
    "EnsureOutportIsVirtual",
    "InitialOutput",
    "MustResolveToSignalObject",
    "OutputWhenDisabled",
    "OutputWhenUnConnected",
    "OutputWhenUnconnectedValue",
    "SignalName",
    "SignalObject",
    "SourceOfInitialOutputValue",
    "StorageClass",
    "VectorParamsAs1DForOutWhenUnconnected"
   ],
   "values":[
    "2",
    "Port number",
    "[]",
    "[]",
    "Inherit: auto",
    "off",
    "V",
    "-1",
    "Inherit",
    "-1",
    "auto",
    "off",
    "off",
    "[]",
    "off",
    "held",
    "off",
    "0",
    "",
    [
    ],
    "Dialog",
    "Auto",
    "on"
   ],
   "tabs":[
    "Main",
    "Signal Attributes",
    "-Other"
   ],
   "tabs_idx":[
    0,
    2,
    11
   ]
  },
  "viewer":{
   "jshandler":"webview/handlers/ElementHandler"
  },
  "obj_viewer":[
  ],
  "finder":{
   "blocktype":"Outport",
   "masktype":""
  }
 },
 {
  "sid":"Drive_Cycle_Sim:379",
  "className":"Simulink.Product",
  "icon":"Drive_Cycle_Sim1",
  "name":"Product",
  "label":"Product",
  "parent":"Drive_Cycle_Sim:100",
  "inspector":{
   "params":[
    "Inputs",
    "Multiplication",
    "InputSameDT",
    "OutMin",
    "OutMax",
    "OutDataTypeStr",
    "LockScale",
    "RndMeth",
    "SaturateOnIntegerOverflow",
    "CollapseDim",
    "CollapseMode",
    "SampleTime"
   ],
   "values":[
    "2",
    "Element-wise(.*)",
    "off",
    "[]",
    "[]",
    "Inherit: Inherit via internal rule",
    "off",
    "Zero",
    "off",
    "1",
    "All dimensions",
    "-1"
   ],
   "tabs":[
    "Main",
    "Signal Attributes",
    "-Other"
   ],
   "tabs_idx":[
    0,
    2,
    9
   ]
  },
  "viewer":{
   "jshandler":"webview/handlers/ElementHandler"
  },
  "obj_viewer":[
  ],
  "finder":{
   "blocktype":"Product",
   "masktype":""
  }
 },
 {
  "sid":"Drive_Cycle_Sim:378",
  "className":"Simulink.Constant",
  "icon":"Drive_Cycle_Sim1",
  "name":"Constant",
  "label":"Constant",
  "parent":"Drive_Cycle_Sim:100",
  "inspector":{
   "params":[
    "Value",
    "VectorParams1D",
    "SampleTime",
    "OutMin",
    "OutMax",
    "OutDataTypeStr",
    "LockScale",
    "FramePeriod"
   ],
   "values":[
    "Accumulator.k_packResistance",
    "on",
    "inf",
    "[]",
    "[]",
    "Inherit: Inherit from 'Constant value'",
    "off",
    "inf"
   ],
   "tabs":[
    "Main",
    "Signal Attributes",
    "-Other"
   ],
   "tabs_idx":[
    0,
    3,
    7
   ]
  },
  "viewer":{
   "jshandler":"webview/handlers/ElementHandler"
  },
  "obj_viewer":[
  ],
  "finder":{
   "blocktype":"Constant",
   "masktype":""
  }
 },
 {
  "sid":"Drive_Cycle_Sim:381",
  "className":"Simulink.Product",
  "icon":"Drive_Cycle_Sim1",
  "name":"Product1",
  "label":"Product1",
  "parent":"Drive_Cycle_Sim:100",
  "inspector":{
   "params":[
    "Inputs",
    "Multiplication",
    "InputSameDT",
    "OutMin",
    "OutMax",
    "OutDataTypeStr",
    "LockScale",
    "RndMeth",
    "SaturateOnIntegerOverflow",
    "CollapseDim",
    "CollapseMode",
    "SampleTime"
   ],
   "values":[
    "2",
    "Element-wise(.*)",
    "off",
    "[]",
    "[]",
    "Inherit: Inherit via internal rule",
    "off",
    "Zero",
    "off",
    "1",
    "All dimensions",
    "-1"
   ],
   "tabs":[
    "Main",
    "Signal Attributes",
    "-Other"
   ],
   "tabs_idx":[
    0,
    2,
    9
   ]
  },
  "viewer":{
   "jshandler":"webview/handlers/ElementHandler"
  },
  "obj_viewer":[
  ],
  "finder":{
   "blocktype":"Product",
   "masktype":""
  }
 },
 {
  "sid":"Drive_Cycle_Sim:380",
  "className":"Simulink.Constant",
  "icon":"Drive_Cycle_Sim1",
  "name":"Constant1",
  "label":"Constant1",
  "parent":"Drive_Cycle_Sim:100",
  "inspector":{
   "params":[
    "Value",
    "VectorParams1D",
    "SampleTime",
    "OutMin",
    "OutMax",
    "OutDataTypeStr",
    "LockScale",
    "FramePeriod"
   ],
   "values":[
    "Accumulator.k_cellResistance",
    "on",
    "inf",
    "[]",
    "[]",
    "Inherit: Inherit from 'Constant value'",
    "off",
    "inf"
   ],
   "tabs":[
    "Main",
    "Signal Attributes",
    "-Other"
   ],
   "tabs_idx":[
    0,
    3,
    7
   ]
  },
  "viewer":{
   "jshandler":"webview/handlers/ElementHandler"
  },
  "obj_viewer":[
  ],
  "finder":{
   "blocktype":"Constant",
   "masktype":""
  }
 },
 {
  "sid":"Drive_Cycle_Sim:382",
  "className":"Simulink.Product",
  "icon":"Drive_Cycle_Sim1",
  "name":"Divide",
  "label":"Divide",
  "parent":"Drive_Cycle_Sim:100",
  "inspector":{
   "params":[
    "Inputs",
    "Multiplication",
    "InputSameDT",
    "OutMin",
    "OutMax",
    "OutDataTypeStr",
    "LockScale",
    "RndMeth",
    "SaturateOnIntegerOverflow",
    "CollapseDim",
    "CollapseMode",
    "SampleTime"
   ],
   "values":[
    "*/",
    "Element-wise(.*)",
    "off",
    "[]",
    "[]",
    "Inherit: Inherit via internal rule",
    "off",
    "Floor",
    "off",
    "1",
    "All dimensions",
    "-1"
   ],
   "tabs":[
    "Main",
    "Signal Attributes",
    "-Other"
   ],
   "tabs_idx":[
    0,
    2,
    9
   ]
  },
  "viewer":{
   "jshandler":"webview/handlers/ElementHandler"
  },
  "obj_viewer":[
  ],
  "finder":{
   "blocktype":"Product",
   "masktype":""
  }
 },
 {
  "sid":"Drive_Cycle_Sim:383",
  "className":"Simulink.Constant",
  "icon":"Drive_Cycle_Sim1",
  "name":"Constant2",
  "label":"Constant2",
  "parent":"Drive_Cycle_Sim:100",
  "inspector":{
   "params":[
    "Value",
    "VectorParams1D",
    "SampleTime",
    "OutMin",
    "OutMax",
    "OutDataTypeStr",
    "LockScale",
    "FramePeriod"
   ],
   "values":[
    "Accumulator.k_numOfParallelCells",
    "on",
    "inf",
    "[]",
    "[]",
    "Inherit: Inherit from 'Constant value'",
    "off",
    "inf"
   ],
   "tabs":[
    "Main",
    "Signal Attributes",
    "-Other"
   ],
   "tabs_idx":[
    0,
    3,
    7
   ]
  },
  "viewer":{
   "jshandler":"webview/handlers/ElementHandler"
  },
  "obj_viewer":[
  ],
  "finder":{
   "blocktype":"Constant",
   "masktype":""
  }
 },
 {
  "sid":"Drive_Cycle_Sim:307",
  "className":"Simulink.Goto",
  "icon":"Drive_Cycle_Sim1",
  "name":"Goto",
  "label":"Goto",
  "parent":"Drive_Cycle_Sim:100",
  "inspector":{
   "params":[
    "GotoTag",
    "TagVisibility",
    "IconDisplay"
   ],
   "values":[
    "Voc",
    "local",
    "Tag"
   ],
   "tabs":[
    "Parameter Attributes"
   ],
   "tabs_idx":0
  },
  "viewer":{
   "jshandler":"webview/handlers/ElementLinkHandler",
   "destinations":[
    "Drive_Cycle_Sim:411",
    "Drive_Cycle_Sim:325"
   ]
  },
  "obj_viewer":[
  ],
  "finder":{
   "blocktype":"Goto",
   "masktype":""
  }
 },
 {
  "sid":"Drive_Cycle_Sim:399",
  "className":"Simulink.Product",
  "icon":"Drive_Cycle_Sim1",
  "name":"Product2",
  "label":"Product2",
  "parent":"Drive_Cycle_Sim:100",
  "inspector":{
   "params":[
    "Inputs",
    "Multiplication",
    "InputSameDT",
    "OutMin",
    "OutMax",
    "OutDataTypeStr",
    "LockScale",
    "RndMeth",
    "SaturateOnIntegerOverflow",
    "CollapseDim",
    "CollapseMode",
    "SampleTime"
   ],
   "values":[
    "2",
    "Element-wise(.*)",
    "off",
    "[]",
    "[]",
    "Inherit: Inherit via internal rule",
    "off",
    "Zero",
    "off",
    "1",
    "All dimensions",
    "-1"
   ],
   "tabs":[
    "Main",
    "Signal Attributes",
    "-Other"
   ],
   "tabs_idx":[
    0,
    2,
    9
   ]
  },
  "viewer":{
   "jshandler":"webview/handlers/ElementHandler"
  },
  "obj_viewer":[
  ],
  "finder":{
   "blocktype":"Product",
   "masktype":""
  }
 },
 {
  "sid":"Drive_Cycle_Sim:400",
  "className":"Simulink.Constant",
  "icon":"Drive_Cycle_Sim1",
  "name":"Constant3",
  "label":"Constant3",
  "parent":"Drive_Cycle_Sim:100",
  "inspector":{
   "params":[
    "Value",
    "VectorParams1D",
    "SampleTime",
    "OutMin",
    "OutMax",
    "OutDataTypeStr",
    "LockScale",
    "FramePeriod"
   ],
   "values":[
    "Accumulator.k_numOfSeriesCells",
    "on",
    "inf",
    "[]",
    "[]",
    "Inherit: Inherit from 'Constant value'",
    "off",
    "inf"
   ],
   "tabs":[
    "Main",
    "Signal Attributes",
    "-Other"
   ],
   "tabs_idx":[
    0,
    3,
    7
   ]
  },
  "viewer":{
   "jshandler":"webview/handlers/ElementHandler"
  },
  "obj_viewer":[
  ],
  "finder":{
   "blocktype":"Constant",
   "masktype":""
  }
 },
 {
  "sid":"Drive_Cycle_Sim:401",
  "className":"Simulink.Constant",
  "icon":"Drive_Cycle_Sim1",
  "name":"Constant4",
  "label":"Constant4",
  "parent":"Drive_Cycle_Sim:100",
  "inspector":{
   "params":[
    "Value",
    "VectorParams1D",
    "SampleTime",
    "OutMin",
    "OutMax",
    "OutDataTypeStr",
    "LockScale",
    "FramePeriod"
   ],
   "values":[
    "Accumulator.k_numOfSeriesCells",
    "on",
    "inf",
    "[]",
    "[]",
    "Inherit: Inherit from 'Constant value'",
    "off",
    "inf"
   ],
   "tabs":[
    "Main",
    "Signal Attributes",
    "-Other"
   ],
   "tabs_idx":[
    0,
    3,
    7
   ]
  },
  "viewer":{
   "jshandler":"webview/handlers/ElementHandler"
  },
  "obj_viewer":[
  ],
  "finder":{
   "blocktype":"Constant",
   "masktype":""
  }
 },
 {
  "sid":"Drive_Cycle_Sim:402",
  "className":"Simulink.Product",
  "icon":"Drive_Cycle_Sim1",
  "name":"Product3",
  "label":"Product3",
  "parent":"Drive_Cycle_Sim:100",
  "inspector":{
   "params":[
    "Inputs",
    "Multiplication",
    "InputSameDT",
    "OutMin",
    "OutMax",
    "OutDataTypeStr",
    "LockScale",
    "RndMeth",
    "SaturateOnIntegerOverflow",
    "CollapseDim",
    "CollapseMode",
    "SampleTime"
   ],
   "values":[
    "2",
    "Element-wise(.*)",
    "off",
    "[]",
    "[]",
    "Inherit: Inherit via internal rule",
    "off",
    "Zero",
    "off",
    "1",
    "All dimensions",
    "-1"
   ],
   "tabs":[
    "Main",
    "Signal Attributes",
    "-Other"
   ],
   "tabs_idx":[
    0,
    2,
    9
   ]
  },
  "viewer":{
   "jshandler":"webview/handlers/ElementHandler"
  },
  "obj_viewer":[
  ],
  "finder":{
   "blocktype":"Product",
   "masktype":""
  }
 },
 {
  "sid":"Drive_Cycle_Sim:411",
  "className":"Simulink.From",
  "icon":"Drive_Cycle_Sim1",
  "name":"From1",
  "label":"From1",
  "parent":"Drive_Cycle_Sim:100",
  "inspector":{
   "params":[
    "GotoTag",
    "IconDisplay"
   ],
   "values":[
    "Voc",
    "Tag"
   ],
   "tabs":[
    "Parameter Attributes"
   ],
   "tabs_idx":0
  },
  "viewer":{
   "jshandler":"webview/handlers/ElementLinkHandler",
   "destinations":[
    "Drive_Cycle_Sim:307"
   ]
  },
  "obj_viewer":[
  ],
  "finder":{
   "blocktype":"From",
   "masktype":""
  }
 },
 {
  "sid":"Drive_Cycle_Sim:412",
  "className":"Simulink.Sum",
  "icon":"Drive_Cycle_Sim1",
  "name":"Add1",
  "label":"Add1",
  "parent":"Drive_Cycle_Sim:100",
  "inspector":{
   "params":[
    "IconShape",
    "Inputs",
    "InputSameDT",
    "AccumDataTypeStr",
    "OutMin",
    "OutMax",
    "OutDataTypeStr",
    "LockScale",
    "RndMeth",
    "SaturateOnIntegerOverflow",
    "CollapseDim",
    "CollapseMode",
    "SampleTime"
   ],
   "values":[
    "rectangular",
    "++",
    "off",
    "Inherit: Inherit via internal rule",
    "[]",
    "[]",
    "Inherit: Inherit via internal rule",
    "off",
    "Floor",
    "off",
    "1",
    "All dimensions",
    "-1"
   ],
   "tabs":[
    "Main",
    "Signal Attributes",
    "-Other"
   ],
   "tabs_idx":[
    0,
    2,
    10
   ]
  },
  "viewer":{
   "jshandler":"webview/handlers/ElementHandler"
  },
  "obj_viewer":[
  ],
  "finder":{
   "blocktype":"Sum",
   "masktype":""
  }
 },
 {
  "sid":"Drive_Cycle_Sim:413",
  "className":"Simulink.Product",
  "icon":"Drive_Cycle_Sim1",
  "name":"Product4",
  "label":"Product4",
  "parent":"Drive_Cycle_Sim:100",
  "inspector":{
   "params":[
    "Inputs",
    "Multiplication",
    "InputSameDT",
    "OutMin",
    "OutMax",
    "OutDataTypeStr",
    "LockScale",
    "RndMeth",
    "SaturateOnIntegerOverflow",
    "CollapseDim",
    "CollapseMode",
    "SampleTime"
   ],
   "values":[
    "2",
    "Element-wise(.*)",
    "off",
    "[]",
    "[]",
    "Inherit: Inherit via internal rule",
    "off",
    "Zero",
    "off",
    "1",
    "All dimensions",
    "-1"
   ],
   "tabs":[
    "Main",
    "Signal Attributes",
    "-Other"
   ],
   "tabs_idx":[
    0,
    2,
    9
   ]
  },
  "viewer":{
   "jshandler":"webview/handlers/ElementHandler"
  },
  "obj_viewer":[
  ],
  "finder":{
   "blocktype":"Product",
   "masktype":""
  }
 },
 {
  "sid":"Drive_Cycle_Sim:414",
  "className":"Simulink.Terminator",
  "icon":"Drive_Cycle_Sim1",
  "name":"Terminator",
  "label":"Terminator",
  "parent":"Drive_Cycle_Sim:100",
  "inspector":{
   "params":[
   ],
   "values":[
   ],
   "tabs":[
   ],
   "tabs_idx":[
   ]
  },
  "viewer":{
   "jshandler":"webview/handlers/ElementHandler"
  },
  "obj_viewer":[
  ],
  "finder":{
   "blocktype":"Terminator",
   "masktype":""
  }
 },
 {
  "sid":"Drive_Cycle_Sim:430",
  "className":"Simulink.Integrator",
  "icon":"Drive_Cycle_Sim1",
  "name":"Integrator1",
  "label":"Integrator1",
  "parent":"Drive_Cycle_Sim:100",
  "inspector":{
   "params":[
    "ExternalReset",
    "InitialConditionSource",
    "InitialCondition",
    "LimitOutput",
    "WrapState",
    "ShowSaturationPort",
    "ShowStatePort",
    "AbsoluteTolerance",
    "IgnoreLimit",
    "ZeroCross",
    "ContinuousStateAttributes",
    "LowerSaturationLimit",
    "UpperSaturationLimit",
    "WrappedStateLowerValue",
    "WrappedStateUpperValue"
   ],
   "values":[
    "none",
    "internal",
    "Accumulator.k_packCapacity",
    "off",
    "off",
    "off",
    "off",
    "auto",
    "off",
    "on",
    "''",
    "-inf",
    "inf",
    "-pi",
    "pi"
   ],
   "tabs":[
    "Parameter Attributes",
    "-Other"
   ],
   "tabs_idx":[
    0,
    11
   ]
  },
  "viewer":{
   "jshandler":"webview/handlers/ElementHandler"
  },
  "obj_viewer":[
  ],
  "finder":{
   "blocktype":"Integrator",
   "masktype":""
  }
 },
 {
  "sid":"Drive_Cycle_Sim:435",
  "className":"Simulink.Gain",
  "icon":"Drive_Cycle_Sim1",
  "name":"Gain",
  "label":"Gain",
  "parent":"Drive_Cycle_Sim:100",
  "inspector":{
   "params":[
    "Gain",
    "Multiplication",
    "OutMin",
    "OutMax",
    "OutDataTypeStr",
    "LockScale",
    "RndMeth",
    "SaturateOnIntegerOverflow",
    "ParamMin",
    "ParamMax",
    "ParamDataTypeStr",
    "SampleTime"
   ],
   "values":[
    "k_joulesTokWH",
    "Element-wise(K.*u)",
    "[]",
    "[]",
    "Inherit: Inherit via internal rule",
    "off",
    "Floor",
    "off",
    "[]",
    "[]",
    "Inherit: Inherit via internal rule",
    "-1"
   ],
   "tabs":[
    "Main",
    "Signal Attributes",
    "Parameter Attributes",
    "-Other"
   ],
   "tabs_idx":[
    0,
    2,
    8,
    11
   ]
  },
  "viewer":{
   "jshandler":"webview/handlers/ElementHandler"
  },
  "obj_viewer":[
  ],
  "finder":{
   "blocktype":"Gain",
   "masktype":""
  }
 },
 {
  "sid":"Drive_Cycle_Sim:438",
  "className":"Simulink.Product",
  "icon":"Drive_Cycle_Sim1",
  "name":"Divide1",
  "label":"Divide1",
  "parent":"Drive_Cycle_Sim:100",
  "inspector":{
   "params":[
    "Inputs",
    "Multiplication",
    "InputSameDT",
    "OutMin",
    "OutMax",
    "OutDataTypeStr",
    "LockScale",
    "RndMeth",
    "SaturateOnIntegerOverflow",
    "CollapseDim",
    "CollapseMode",
    "SampleTime"
   ],
   "values":[
    "*/",
    "Element-wise(.*)",
    "off",
    "[]",
    "[]",
    "Inherit: Inherit via internal rule",
    "off",
    "Floor",
    "off",
    "1",
    "All dimensions",
    "-1"
   ],
   "tabs":[
    "Main",
    "Signal Attributes",
    "-Other"
   ],
   "tabs_idx":[
    0,
    2,
    9
   ]
  },
  "viewer":{
   "jshandler":"webview/handlers/ElementHandler"
  },
  "obj_viewer":[
  ],
  "finder":{
   "blocktype":"Product",
   "masktype":""
  }
 },
 {
  "sid":"Drive_Cycle_Sim:439",
  "className":"Simulink.Constant",
  "icon":"Drive_Cycle_Sim1",
  "name":"Constant5",
  "label":"Constant5",
  "parent":"Drive_Cycle_Sim:100",
  "inspector":{
   "params":[
    "Value",
    "VectorParams1D",
    "SampleTime",
    "OutMin",
    "OutMax",
    "OutDataTypeStr",
    "LockScale",
    "FramePeriod"
   ],
   "values":[
    "Accumulator.k_numOfParallelCells",
    "on",
    "inf",
    "[]",
    "[]",
    "Inherit: Inherit from 'Constant value'",
    "off",
    "inf"
   ],
   "tabs":[
    "Main",
    "Signal Attributes",
    "-Other"
   ],
   "tabs_idx":[
    0,
    3,
    7
   ]
  },
  "viewer":{
   "jshandler":"webview/handlers/ElementHandler"
  },
  "obj_viewer":[
  ],
  "finder":{
   "blocktype":"Constant",
   "masktype":""
  }
 },
 {
  "sid":"Drive_Cycle_Sim:427",
  "className":"Simulink.Gain",
  "icon":"Drive_Cycle_Sim1",
  "name":"Gain2",
  "label":"Gain2",
  "parent":"Drive_Cycle_Sim:100",
  "inspector":{
   "params":[
    "Gain",
    "Multiplication",
    "OutMin",
    "OutMax",
    "OutDataTypeStr",
    "LockScale",
    "RndMeth",
    "SaturateOnIntegerOverflow",
    "ParamMin",
    "ParamMax",
    "ParamDataTypeStr",
    "SampleTime"
   ],
   "values":[
    "k_coulombToampHour",
    "Element-wise(K.*u)",
    "[]",
    "[]",
    "Inherit: Inherit via internal rule",
    "off",
    "Floor",
    "off",
    "[]",
    "[]",
    "Inherit: Inherit via internal rule",
    "-1"
   ],
   "tabs":[
    "Main",
    "Signal Attributes",
    "Parameter Attributes",
    "-Other"
   ],
   "tabs_idx":[
    0,
    2,
    8,
    11
   ]
  },
  "viewer":{
   "jshandler":"webview/handlers/ElementHandler"
  },
  "obj_viewer":[
  ],
  "finder":{
   "blocktype":"Gain",
   "masktype":""
  }
 },
 {
  "sid":"Drive_Cycle_Sim:474",
  "className":"Simulink.Outport",
  "icon":"Drive_Cycle_Sim1",
  "name":"SOC",
  "label":"SOC",
  "parent":"Drive_Cycle_Sim:100",
  "inspector":{
   "params":[
    "Port",
    "IconDisplay",
    "OutMin",
    "OutMax",
    "OutDataTypeStr",
    "LockScale",
    "Unit",
    "PortDimensions",
    "VarSizeSig",
    "SampleTime",
    "SignalType",
    "BusOutputAsStruct",
    "EnsureOutportIsVirtual",
    "InitialOutput",
    "MustResolveToSignalObject",
    "OutputWhenDisabled",
    "OutputWhenUnConnected",
    "OutputWhenUnconnectedValue",
    "SignalName",
    "SignalObject",
    "SourceOfInitialOutputValue",
    "StorageClass",
    "VectorParamsAs1DForOutWhenUnconnected"
   ],
   "values":[
    "3",
    "Port number",
    "[]",
    "[]",
    "Inherit: auto",
    "off",
    "inherit",
    "-1",
    "Inherit",
    "-1",
    "auto",
    "off",
    "off",
    "[]",
    "off",
    "held",
    "off",
    "0",
    "",
    [
    ],
    "Dialog",
    "Auto",
    "on"
   ],
   "tabs":[
    "Main",
    "Signal Attributes",
    "-Other"
   ],
   "tabs_idx":[
    0,
    2,
    11
   ]
  },
  "viewer":{
   "jshandler":"webview/handlers/ElementHandler"
  },
  "obj_viewer":[
  ],
  "finder":{
   "blocktype":"Outport",
   "masktype":""
  }
 },
 {
  "sid":"Drive_Cycle_Sim:217#out:1",
  "className":"Simulink.Line",
  "icon":"Drive_Cycle_Sim3",
  "name":"",
  "label":"",
  "parent":"Drive_Cycle_Sim:100",
  "inspector":{
   "params":[
    "SignalNameFromLabel",
    "MustResolveToSignal",
    "ShowPropagatedSignal",
    "DataLogging",
    "TestPoint",
    "SignalObjectPackage",
    "StorageClass",
    "Description",
    "documentLink"
   ],
   "values":[
    "",
    "off",
    "off",
    "off",
    "off",
    "Simulink",
    "Auto",
    "",
    ""
   ],
   "tabs":[
    "Parameter Attributes",
    "Logging and Accessibility",
    "Code Generation",
    "Documentation"
   ],
   "tabs_idx":[
    0,
    3,
    5,
    7
   ]
  },
  "viewer":{
   "jshandler":"webview/handlers/ElementHandler"
  },
  "obj_viewer":[
  ],
  "finder":[
  ]
 },
 {
  "sid":"Drive_Cycle_Sim:381#out:1",
  "className":"Simulink.Line",
  "icon":"Drive_Cycle_Sim3",
  "name":"",
  "label":"",
  "parent":"Drive_Cycle_Sim:100",
  "inspector":{
   "params":[
    "SignalNameFromLabel",
    "MustResolveToSignal",
    "ShowPropagatedSignal",
    "DataLogging",
    "TestPoint",
    "SignalObjectPackage",
    "StorageClass",
    "Description",
    "documentLink"
   ],
   "values":[
    "",
    "off",
    "off",
    "off",
    "off",
    "Simulink",
    "Auto",
    "",
    ""
   ],
   "tabs":[
    "Parameter Attributes",
    "Logging and Accessibility",
    "Code Generation",
    "Documentation"
   ],
   "tabs_idx":[
    0,
    3,
    5,
    7
   ]
  },
  "viewer":{
   "jshandler":"webview/handlers/ElementHandler"
  },
  "obj_viewer":[
  ],
  "finder":[
  ]
 },
 {
  "sid":"Drive_Cycle_Sim:215#out:1",
  "className":"Simulink.Line",
  "icon":"Drive_Cycle_Sim3",
  "name":"vocCell",
  "label":"vocCell",
  "parent":"Drive_Cycle_Sim:100",
  "inspector":{
   "params":[
    "SignalNameFromLabel",
    "MustResolveToSignal",
    "ShowPropagatedSignal",
    "DataLogging",
    "TestPoint",
    "SignalObjectPackage",
    "StorageClass",
    "Description",
    "documentLink"
   ],
   "values":[
    "vocCell",
    "off",
    "off",
    "on",
    "off",
    "Simulink",
    "Auto",
    "",
    ""
   ],
   "tabs":[
    "Parameter Attributes",
    "Logging and Accessibility",
    "Code Generation",
    "Documentation"
   ],
   "tabs_idx":[
    0,
    3,
    5,
    7
   ]
  },
  "viewer":{
   "jshandler":"webview/handlers/ElementHandler"
  },
  "obj_viewer":[
  ],
  "finder":[
  ]
 },
 {
  "sid":"Drive_Cycle_Sim:266#out:1",
  "className":"Simulink.Line",
  "icon":"Drive_Cycle_Sim3",
  "name":"SOC",
  "label":"SOC",
  "parent":"Drive_Cycle_Sim:100",
  "inspector":{
   "params":[
    "SignalNameFromLabel",
    "MustResolveToSignal",
    "ShowPropagatedSignal",
    "DataLogging",
    "TestPoint",
    "SignalObjectPackage",
    "StorageClass",
    "Description",
    "documentLink"
   ],
   "values":[
    "SOC",
    "off",
    "off",
    "on",
    "off",
    "Simulink",
    "Auto",
    "",
    ""
   ],
   "tabs":[
    "Parameter Attributes",
    "Logging and Accessibility",
    "Code Generation",
    "Documentation"
   ],
   "tabs_idx":[
    0,
    3,
    5,
    7
   ]
  },
  "viewer":{
   "jshandler":"webview/handlers/ElementHandler"
  },
  "obj_viewer":[
  ],
  "finder":[
  ]
 },
 {
  "sid":"Drive_Cycle_Sim:101#out:1",
  "className":"Simulink.Line",
  "icon":"Drive_Cycle_Sim3",
  "name":"",
  "label":"",
  "parent":"Drive_Cycle_Sim:100",
  "inspector":{
   "params":[
    "SignalNameFromLabel",
    "MustResolveToSignal",
    "ShowPropagatedSignal",
    "DataLogging",
    "TestPoint",
    "SignalObjectPackage",
    "StorageClass",
    "Description",
    "documentLink"
   ],
   "values":[
    "",
    "off",
    "off",
    "off",
    "off",
    "Simulink",
    "Auto",
    "",
    ""
   ],
   "tabs":[
    "Parameter Attributes",
    "Logging and Accessibility",
    "Code Generation",
    "Documentation"
   ],
   "tabs_idx":[
    0,
    3,
    5,
    7
   ]
  },
  "viewer":{
   "jshandler":"webview/handlers/ElementHandler"
  },
  "obj_viewer":[
  ],
  "finder":[
  ]
 },
 {
  "sid":"Drive_Cycle_Sim:325#out:1",
  "className":"Simulink.Line",
  "icon":"Drive_Cycle_Sim3",
  "name":"",
  "label":"",
  "parent":"Drive_Cycle_Sim:100",
  "inspector":{
   "params":[
    "SignalNameFromLabel",
    "MustResolveToSignal",
    "ShowPropagatedSignal",
    "DataLogging",
    "TestPoint",
    "SignalObjectPackage",
    "StorageClass",
    "Description",
    "documentLink"
   ],
   "values":[
    "",
    "off",
    "off",
    "off",
    "off",
    "Simulink",
    "Auto",
    "",
    ""
   ],
   "tabs":[
    "Parameter Attributes",
    "Logging and Accessibility",
    "Code Generation",
    "Documentation"
   ],
   "tabs_idx":[
    0,
    3,
    5,
    7
   ]
  },
  "viewer":{
   "jshandler":"webview/handlers/ElementHandler"
  },
  "obj_viewer":[
  ],
  "finder":[
  ]
 },
 {
  "sid":"Drive_Cycle_Sim:308#out:1",
  "className":"Simulink.Line",
  "icon":"Drive_Cycle_Sim3",
  "name":"accumulatorCurrent",
  "label":"accumulatorCurrent",
  "parent":"Drive_Cycle_Sim:100",
  "inspector":{
   "params":[
    "SignalNameFromLabel",
    "MustResolveToSignal",
    "ShowPropagatedSignal",
    "DataLogging",
    "TestPoint",
    "SignalObjectPackage",
    "StorageClass",
    "Description",
    "documentLink"
   ],
   "values":[
    "accumulatorCurrent",
    "off",
    "off",
    "on",
    "off",
    "Simulink",
    "Auto",
    "",
    ""
   ],
   "tabs":[
    "Parameter Attributes",
    "Logging and Accessibility",
    "Code Generation",
    "Documentation"
   ],
   "tabs_idx":[
    0,
    3,
    5,
    7
   ]
  },
  "viewer":{
   "jshandler":"webview/handlers/ElementHandler"
  },
  "obj_viewer":[
  ],
  "finder":[
  ]
 },
 {
  "sid":"Drive_Cycle_Sim:221#out:1",
  "className":"Simulink.Line",
  "icon":"Drive_Cycle_Sim3",
  "name":"",
  "label":"",
  "parent":"Drive_Cycle_Sim:100",
  "inspector":{
   "params":[
    "SignalNameFromLabel",
    "MustResolveToSignal",
    "ShowPropagatedSignal",
    "DataLogging",
    "TestPoint",
    "SignalObjectPackage",
    "StorageClass",
    "Description",
    "documentLink"
   ],
   "values":[
    "",
    "off",
    "off",
    "off",
    "off",
    "Simulink",
    "Auto",
    "",
    ""
   ],
   "tabs":[
    "Parameter Attributes",
    "Logging and Accessibility",
    "Code Generation",
    "Documentation"
   ],
   "tabs_idx":[
    0,
    3,
    5,
    7
   ]
  },
  "viewer":{
   "jshandler":"webview/handlers/ElementHandler"
  },
  "obj_viewer":[
  ],
  "finder":[
  ]
 },
 {
  "sid":"Drive_Cycle_Sim:378#out:1",
  "className":"Simulink.Line",
  "icon":"Drive_Cycle_Sim3",
  "name":"",
  "label":"",
  "parent":"Drive_Cycle_Sim:100",
  "inspector":{
   "params":[
    "SignalNameFromLabel",
    "MustResolveToSignal",
    "ShowPropagatedSignal",
    "DataLogging",
    "TestPoint",
    "SignalObjectPackage",
    "StorageClass",
    "Description",
    "documentLink"
   ],
   "values":[
    "",
    "off",
    "off",
    "off",
    "off",
    "Simulink",
    "Auto",
    "",
    ""
   ],
   "tabs":[
    "Parameter Attributes",
    "Logging and Accessibility",
    "Code Generation",
    "Documentation"
   ],
   "tabs_idx":[
    0,
    3,
    5,
    7
   ]
  },
  "viewer":{
   "jshandler":"webview/handlers/ElementHandler"
  },
  "obj_viewer":[
  ],
  "finder":[
  ]
 },
 {
  "sid":"Drive_Cycle_Sim:380#out:1",
  "className":"Simulink.Line",
  "icon":"Drive_Cycle_Sim3",
  "name":"",
  "label":"",
  "parent":"Drive_Cycle_Sim:100",
  "inspector":{
   "params":[
    "SignalNameFromLabel",
    "MustResolveToSignal",
    "ShowPropagatedSignal",
    "DataLogging",
    "TestPoint",
    "SignalObjectPackage",
    "StorageClass",
    "Description",
    "documentLink"
   ],
   "values":[
    "",
    "off",
    "off",
    "off",
    "off",
    "Simulink",
    "Auto",
    "",
    ""
   ],
   "tabs":[
    "Parameter Attributes",
    "Logging and Accessibility",
    "Code Generation",
    "Documentation"
   ],
   "tabs_idx":[
    0,
    3,
    5,
    7
   ]
  },
  "viewer":{
   "jshandler":"webview/handlers/ElementHandler"
  },
  "obj_viewer":[
  ],
  "finder":[
  ]
 },
 {
  "sid":"Drive_Cycle_Sim:382#out:1",
  "className":"Simulink.Line",
  "icon":"Drive_Cycle_Sim3",
  "name":"",
  "label":"",
  "parent":"Drive_Cycle_Sim:100",
  "inspector":{
   "params":[
    "SignalNameFromLabel",
    "MustResolveToSignal",
    "ShowPropagatedSignal",
    "DataLogging",
    "TestPoint",
    "SignalObjectPackage",
    "StorageClass",
    "Description",
    "documentLink"
   ],
   "values":[
    "",
    "off",
    "off",
    "off",
    "off",
    "Simulink",
    "Auto",
    "",
    ""
   ],
   "tabs":[
    "Parameter Attributes",
    "Logging and Accessibility",
    "Code Generation",
    "Documentation"
   ],
   "tabs_idx":[
    0,
    3,
    5,
    7
   ]
  },
  "viewer":{
   "jshandler":"webview/handlers/ElementHandler"
  },
  "obj_viewer":[
  ],
  "finder":[
  ]
 },
 {
  "sid":"Drive_Cycle_Sim:383#out:1",
  "className":"Simulink.Line",
  "icon":"Drive_Cycle_Sim3",
  "name":"",
  "label":"",
  "parent":"Drive_Cycle_Sim:100",
  "inspector":{
   "params":[
    "SignalNameFromLabel",
    "MustResolveToSignal",
    "ShowPropagatedSignal",
    "DataLogging",
    "TestPoint",
    "SignalObjectPackage",
    "StorageClass",
    "Description",
    "documentLink"
   ],
   "values":[
    "",
    "off",
    "off",
    "off",
    "off",
    "Simulink",
    "Auto",
    "",
    ""
   ],
   "tabs":[
    "Parameter Attributes",
    "Logging and Accessibility",
    "Code Generation",
    "Documentation"
   ],
   "tabs_idx":[
    0,
    3,
    5,
    7
   ]
  },
  "viewer":{
   "jshandler":"webview/handlers/ElementHandler"
  },
  "obj_viewer":[
  ],
  "finder":[
  ]
 },
 {
  "sid":"Drive_Cycle_Sim:399#out:1",
  "className":"Simulink.Line",
  "icon":"Drive_Cycle_Sim3",
  "name":"vocPack",
  "label":"vocPack",
  "parent":"Drive_Cycle_Sim:100",
  "inspector":{
   "params":[
    "SignalNameFromLabel",
    "MustResolveToSignal",
    "ShowPropagatedSignal",
    "DataLogging",
    "TestPoint",
    "SignalObjectPackage",
    "StorageClass",
    "Description",
    "documentLink"
   ],
   "values":[
    "vocPack",
    "off",
    "off",
    "on",
    "off",
    "Simulink",
    "Auto",
    "",
    ""
   ],
   "tabs":[
    "Parameter Attributes",
    "Logging and Accessibility",
    "Code Generation",
    "Documentation"
   ],
   "tabs_idx":[
    0,
    3,
    5,
    7
   ]
  },
  "viewer":{
   "jshandler":"webview/handlers/ElementHandler"
  },
  "obj_viewer":[
  ],
  "finder":[
  ]
 },
 {
  "sid":"Drive_Cycle_Sim:400#out:1",
  "className":"Simulink.Line",
  "icon":"Drive_Cycle_Sim3",
  "name":"",
  "label":"",
  "parent":"Drive_Cycle_Sim:100",
  "inspector":{
   "params":[
    "SignalNameFromLabel",
    "MustResolveToSignal",
    "ShowPropagatedSignal",
    "DataLogging",
    "TestPoint",
    "SignalObjectPackage",
    "StorageClass",
    "Description",
    "documentLink"
   ],
   "values":[
    "",
    "off",
    "off",
    "off",
    "off",
    "Simulink",
    "Auto",
    "",
    ""
   ],
   "tabs":[
    "Parameter Attributes",
    "Logging and Accessibility",
    "Code Generation",
    "Documentation"
   ],
   "tabs_idx":[
    0,
    3,
    5,
    7
   ]
  },
  "viewer":{
   "jshandler":"webview/handlers/ElementHandler"
  },
  "obj_viewer":[
  ],
  "finder":[
  ]
 },
 {
  "sid":"Drive_Cycle_Sim:216#out:1",
  "className":"Simulink.Line",
  "icon":"Drive_Cycle_Sim3",
  "name":"voltageCell",
  "label":"voltageCell",
  "parent":"Drive_Cycle_Sim:100",
  "inspector":{
   "params":[
    "SignalNameFromLabel",
    "MustResolveToSignal",
    "ShowPropagatedSignal",
    "DataLogging",
    "TestPoint",
    "SignalObjectPackage",
    "StorageClass",
    "Description",
    "documentLink"
   ],
   "values":[
    "voltageCell",
    "off",
    "off",
    "on",
    "off",
    "Simulink",
    "Auto",
    "",
    ""
   ],
   "tabs":[
    "Parameter Attributes",
    "Logging and Accessibility",
    "Code Generation",
    "Documentation"
   ],
   "tabs_idx":[
    0,
    3,
    5,
    7
   ]
  },
  "viewer":{
   "jshandler":"webview/handlers/ElementHandler"
  },
  "obj_viewer":[
  ],
  "finder":[
  ]
 },
 {
  "sid":"Drive_Cycle_Sim:402#out:1",
  "className":"Simulink.Line",
  "icon":"Drive_Cycle_Sim3",
  "name":"voltagePack",
  "label":"voltagePack",
  "parent":"Drive_Cycle_Sim:100",
  "inspector":{
   "params":[
    "SignalNameFromLabel",
    "MustResolveToSignal",
    "ShowPropagatedSignal",
    "DataLogging",
    "TestPoint",
    "SignalObjectPackage",
    "StorageClass",
    "Description",
    "documentLink"
   ],
   "values":[
    "voltagePack",
    "off",
    "off",
    "on",
    "off",
    "Simulink",
    "Auto",
    "",
    ""
   ],
   "tabs":[
    "Parameter Attributes",
    "Logging and Accessibility",
    "Code Generation",
    "Documentation"
   ],
   "tabs_idx":[
    0,
    3,
    5,
    7
   ]
  },
  "viewer":{
   "jshandler":"webview/handlers/ElementHandler"
  },
  "obj_viewer":[
  ],
  "finder":[
  ]
 },
 {
  "sid":"Drive_Cycle_Sim:401#out:1",
  "className":"Simulink.Line",
  "icon":"Drive_Cycle_Sim3",
  "name":"",
  "label":"",
  "parent":"Drive_Cycle_Sim:100",
  "inspector":{
   "params":[
    "SignalNameFromLabel",
    "MustResolveToSignal",
    "ShowPropagatedSignal",
    "DataLogging",
    "TestPoint",
    "SignalObjectPackage",
    "StorageClass",
    "Description",
    "documentLink"
   ],
   "values":[
    "",
    "off",
    "off",
    "off",
    "off",
    "Simulink",
    "Auto",
    "",
    ""
   ],
   "tabs":[
    "Parameter Attributes",
    "Logging and Accessibility",
    "Code Generation",
    "Documentation"
   ],
   "tabs_idx":[
    0,
    3,
    5,
    7
   ]
  },
  "viewer":{
   "jshandler":"webview/handlers/ElementHandler"
  },
  "obj_viewer":[
  ],
  "finder":[
  ]
 },
 {
  "sid":"Drive_Cycle_Sim:379#out:1",
  "className":"Simulink.Line",
  "icon":"Drive_Cycle_Sim3",
  "name":"batteryPwrLoss",
  "label":"batteryPwrLoss",
  "parent":"Drive_Cycle_Sim:100",
  "inspector":{
   "params":[
    "SignalNameFromLabel",
    "MustResolveToSignal",
    "ShowPropagatedSignal",
    "DataLogging",
    "TestPoint",
    "SignalObjectPackage",
    "StorageClass",
    "Description",
    "documentLink"
   ],
   "values":[
    "batteryPwrLoss",
    "off",
    "off",
    "on",
    "off",
    "Simulink",
    "Auto",
    "",
    ""
   ],
   "tabs":[
    "Parameter Attributes",
    "Logging and Accessibility",
    "Code Generation",
    "Documentation"
   ],
   "tabs_idx":[
    0,
    3,
    5,
    7
   ]
  },
  "viewer":{
   "jshandler":"webview/handlers/ElementHandler"
  },
  "obj_viewer":[
  ],
  "finder":[
  ]
 },
 {
  "sid":"Drive_Cycle_Sim:413#out:1",
  "className":"Simulink.Line",
  "icon":"Drive_Cycle_Sim3",
  "name":"batteryPwr",
  "label":"batteryPwr",
  "parent":"Drive_Cycle_Sim:100",
  "inspector":{
   "params":[
    "SignalNameFromLabel",
    "MustResolveToSignal",
    "ShowPropagatedSignal",
    "DataLogging",
    "TestPoint",
    "SignalObjectPackage",
    "StorageClass",
    "Description",
    "documentLink"
   ],
   "values":[
    "batteryPwr",
    "off",
    "off",
    "on",
    "off",
    "Simulink",
    "Auto",
    "",
    ""
   ],
   "tabs":[
    "Parameter Attributes",
    "Logging and Accessibility",
    "Code Generation",
    "Documentation"
   ],
   "tabs_idx":[
    0,
    3,
    5,
    7
   ]
  },
  "viewer":{
   "jshandler":"webview/handlers/ElementHandler"
  },
  "obj_viewer":[
  ],
  "finder":[
  ]
 },
 {
  "sid":"Drive_Cycle_Sim:411#out:1",
  "className":"Simulink.Line",
  "icon":"Drive_Cycle_Sim3",
  "name":"",
  "label":"",
  "parent":"Drive_Cycle_Sim:100",
  "inspector":{
   "params":[
    "SignalNameFromLabel",
    "MustResolveToSignal",
    "ShowPropagatedSignal",
    "DataLogging",
    "TestPoint",
    "SignalObjectPackage",
    "StorageClass",
    "Description",
    "documentLink"
   ],
   "values":[
    "",
    "off",
    "off",
    "off",
    "off",
    "Simulink",
    "Auto",
    "",
    ""
   ],
   "tabs":[
    "Parameter Attributes",
    "Logging and Accessibility",
    "Code Generation",
    "Documentation"
   ],
   "tabs_idx":[
    0,
    3,
    5,
    7
   ]
  },
  "viewer":{
   "jshandler":"webview/handlers/ElementHandler"
  },
  "obj_viewer":[
  ],
  "finder":[
  ]
 },
 {
  "sid":"Drive_Cycle_Sim:412#out:1",
  "className":"Simulink.Line",
  "icon":"Drive_Cycle_Sim3",
  "name":"batteryPwrTotal",
  "label":"batteryPwrTotal",
  "parent":"Drive_Cycle_Sim:100",
  "inspector":{
   "params":[
    "SignalNameFromLabel",
    "MustResolveToSignal",
    "ShowPropagatedSignal",
    "DataLogging",
    "TestPoint",
    "SignalObjectPackage",
    "StorageClass",
    "Description",
    "documentLink"
   ],
   "values":[
    "batteryPwrTotal",
    "off",
    "off",
    "on",
    "off",
    "Simulink",
    "Auto",
    "",
    ""
   ],
   "tabs":[
    "Parameter Attributes",
    "Logging and Accessibility",
    "Code Generation",
    "Documentation"
   ],
   "tabs_idx":[
    0,
    3,
    5,
    7
   ]
  },
  "viewer":{
   "jshandler":"webview/handlers/ElementHandler"
  },
  "obj_viewer":[
  ],
  "finder":[
  ]
 },
 {
  "sid":"Drive_Cycle_Sim:430#out:1",
  "className":"Simulink.Line",
  "icon":"Drive_Cycle_Sim3",
  "name":"batteryJoules",
  "label":"batteryJoules",
  "parent":"Drive_Cycle_Sim:100",
  "inspector":{
   "params":[
    "SignalNameFromLabel",
    "MustResolveToSignal",
    "ShowPropagatedSignal",
    "DataLogging",
    "TestPoint",
    "SignalObjectPackage",
    "StorageClass",
    "Description",
    "documentLink"
   ],
   "values":[
    "batteryJoules",
    "off",
    "off",
    "on",
    "off",
    "Simulink",
    "Auto",
    "",
    ""
   ],
   "tabs":[
    "Parameter Attributes",
    "Logging and Accessibility",
    "Code Generation",
    "Documentation"
   ],
   "tabs_idx":[
    0,
    3,
    5,
    7
   ]
  },
  "viewer":{
   "jshandler":"webview/handlers/ElementHandler"
  },
  "obj_viewer":[
  ],
  "finder":[
  ]
 },
 {
  "sid":"Drive_Cycle_Sim:435#out:1",
  "className":"Simulink.Line",
  "icon":"Drive_Cycle_Sim3",
  "name":"batterykWh",
  "label":"batterykWh",
  "parent":"Drive_Cycle_Sim:100",
  "inspector":{
   "params":[
    "SignalNameFromLabel",
    "MustResolveToSignal",
    "ShowPropagatedSignal",
    "DataLogging",
    "TestPoint",
    "SignalObjectPackage",
    "StorageClass",
    "Description",
    "documentLink"
   ],
   "values":[
    "batterykWh",
    "off",
    "off",
    "on",
    "off",
    "Simulink",
    "Auto",
    "",
    ""
   ],
   "tabs":[
    "Parameter Attributes",
    "Logging and Accessibility",
    "Code Generation",
    "Documentation"
   ],
   "tabs_idx":[
    0,
    3,
    5,
    7
   ]
  },
  "viewer":{
   "jshandler":"webview/handlers/ElementHandler"
  },
  "obj_viewer":[
  ],
  "finder":[
  ]
 },
 {
  "sid":"Drive_Cycle_Sim:218#out:1",
  "className":"Simulink.Line",
  "icon":"Drive_Cycle_Sim3",
  "name":"",
  "label":"",
  "parent":"Drive_Cycle_Sim:100",
  "inspector":{
   "params":[
    "SignalNameFromLabel",
    "MustResolveToSignal",
    "ShowPropagatedSignal",
    "DataLogging",
    "TestPoint",
    "SignalObjectPackage",
    "StorageClass",
    "Description",
    "documentLink"
   ],
   "values":[
    "",
    "off",
    "off",
    "off",
    "off",
    "Simulink",
    "Auto",
    "",
    ""
   ],
   "tabs":[
    "Parameter Attributes",
    "Logging and Accessibility",
    "Code Generation",
    "Documentation"
   ],
   "tabs_idx":[
    0,
    3,
    5,
    7
   ]
  },
  "viewer":{
   "jshandler":"webview/handlers/ElementHandler"
  },
  "obj_viewer":[
  ],
  "finder":[
  ]
 },
 {
  "sid":"Drive_Cycle_Sim:439#out:1",
  "className":"Simulink.Line",
  "icon":"Drive_Cycle_Sim3",
  "name":"",
  "label":"",
  "parent":"Drive_Cycle_Sim:100",
  "inspector":{
   "params":[
    "SignalNameFromLabel",
    "MustResolveToSignal",
    "ShowPropagatedSignal",
    "DataLogging",
    "TestPoint",
    "SignalObjectPackage",
    "StorageClass",
    "Description",
    "documentLink"
   ],
   "values":[
    "",
    "off",
    "off",
    "off",
    "off",
    "Simulink",
    "Auto",
    "",
    ""
   ],
   "tabs":[
    "Parameter Attributes",
    "Logging and Accessibility",
    "Code Generation",
    "Documentation"
   ],
   "tabs_idx":[
    0,
    3,
    5,
    7
   ]
  },
  "viewer":{
   "jshandler":"webview/handlers/ElementHandler"
  },
  "obj_viewer":[
  ],
  "finder":[
  ]
 },
 {
  "sid":"Drive_Cycle_Sim:438#out:1",
  "className":"Simulink.Line",
  "icon":"Drive_Cycle_Sim3",
  "name":"",
  "label":"",
  "parent":"Drive_Cycle_Sim:100",
  "inspector":{
   "params":[
    "SignalNameFromLabel",
    "MustResolveToSignal",
    "ShowPropagatedSignal",
    "DataLogging",
    "TestPoint",
    "SignalObjectPackage",
    "StorageClass",
    "Description",
    "documentLink"
   ],
   "values":[
    "",
    "off",
    "off",
    "off",
    "off",
    "Simulink",
    "Auto",
    "",
    ""
   ],
   "tabs":[
    "Parameter Attributes",
    "Logging and Accessibility",
    "Code Generation",
    "Documentation"
   ],
   "tabs_idx":[
    0,
    3,
    5,
    7
   ]
  },
  "viewer":{
   "jshandler":"webview/handlers/ElementHandler"
  },
  "obj_viewer":[
  ],
  "finder":[
  ]
 },
 {
  "sid":"Drive_Cycle_Sim:427#out:1",
  "className":"Simulink.Line",
  "icon":"Drive_Cycle_Sim3",
  "name":"",
  "label":"",
  "parent":"Drive_Cycle_Sim:100",
  "inspector":{
   "params":[
    "SignalNameFromLabel",
    "MustResolveToSignal",
    "ShowPropagatedSignal",
    "DataLogging",
    "TestPoint",
    "SignalObjectPackage",
    "StorageClass",
    "Description",
    "documentLink"
   ],
   "values":[
    "",
    "off",
    "off",
    "off",
    "off",
    "Simulink",
    "Auto",
    "",
    ""
   ],
   "tabs":[
    "Parameter Attributes",
    "Logging and Accessibility",
    "Code Generation",
    "Documentation"
   ],
   "tabs_idx":[
    0,
    3,
    5,
    7
   ]
  },
  "viewer":{
   "jshandler":"webview/handlers/ElementHandler"
  },
  "obj_viewer":[
  ],
  "finder":[
  ]
 }
]